Date,Defensive
2000-01-07,999999.9999999997
2000-01-14,994327.4483350188
2000-01-21,985468.7954475889
2000-01-28,983721.3187505669
2000-02-04,983196.5700395281
2000-02-11,984952.2691114866
2000-02-18,980743.9425767208
2000-02-25,977936.2643977334
2000-03-03,965153.4074929198
2000-03-10,1008174.5731697966
2000-03-17,1000362.7858845424
2000-03-24,1014429.405292046
2000-03-31,1029911.4858619825
2000-04-07,1051867.2581786546
2000-04-14,1045078.8090390849
2000-04-21,1053564.039958477
2000-04-28,1038517.6025703407
2000-05-05,1079741.667258165
2000-05-12,1092366.268526639
2000-05-19,1095983.6354087887
2000-05-26,1093758.8318754402
2000-06-02,1082765.857735897
2000-06-09,1113023.9118461455
2000-06-16,1072126.8798979248
2000-06-23,1087495.343366139
2000-06-30,1100421.8194434752
2000-07-07,1077068.9326398761
2000-07-14,1071891.811627701
2000-07-21,1067195.3339288356
2000-07-28,1089347.6437247796
2000-08-04,1068814.9756519143
2000-08-11,1072850.293850341
2000-08-18,1075870.5613641408
2000-08-25,1076915.8215009347
2000-09-01,1078643.6914887165
2000-09-08,1066304.5230598282
2000-09-15,1075170.5053090279
2000-09-22,1119287.3425254726
2000-09-29,1139337.4730950978
2000-10-06,1150100.6031334745
2000-10-13,1152435.515980199
2000-10-20,1190537.6934591825
2000-10-27,1216786.2590800563
2000-11-03,1238681.2914869597
2000-11-10,1243798.0100099081
2000-11-17,1264997.1260713248
2000-11-24,1280874.768025191
2000-12-01,1245328.114872428
2000-12-08,1224827.2330526977
2000-12-15,1243883.2538115906
2000-12-22,1294847.7364873497
2000-12-29,1185683.262159082
2001-01-05,1198544.0298287533
2001-01-12,1201187.9569758496
2001-01-19,1216373.5421188222
2001-01-26,1228532.9342372592
2001-02-02,1265732.692319223
2001-02-09,1251270.2279279581
2001-02-16,1257635.6985849515
2001-02-23,1254966.435889715
2001-03-02,1267631.4974589865
2001-03-09,1211920.0063116932
2001-03-16,1160454.733879229
2001-03-23,1195034.8615309275
2001-03-30,1203473.1484960201
2001-04-06,1191152.5430255136
2001-04-13,1191453.7630814235
2001-04-20,1191928.3341940327
2001-04-27,1195415.8914475497
2001-05-04,1206138.4903659783
2001-05-11,1232857.2325920644
2001-05-18,1228225.3256893172
2001-05-25,1241891.4706473295
2001-06-01,1255137.751185874
2001-06-08,1240789.0515746644
2001-06-15,1260076.0510913627
2001-06-22,1252557.1682013734
2001-06-29,1253892.7341442702
2001-07-06,1257976.7094299663
2001-07-13,1286468.3997854767
2001-07-20,1283810.3746505603
2001-07-27,1286793.1089951335
2001-08-03,1284615.3475700603
2001-08-10,1312074.6266668765
2001-08-17,1333771.7983429513
2001-08-24,1315294.5782575826
2001-08-31,1322154.397348505
2001-09-07,1315612.8931568896
2001-09-14,1274298.872218213
2001-09-21,1320627.1915414883
2001-09-28,1315590.470946973
2001-10-05,1322227.476766194
2001-10-12,1299302.8859357003
2001-10-19,1318737.5664058842
2001-10-26,1321183.0596268203
2001-11-02,1317424.783409028
2001-11-09,1327621.6914540129
2001-11-16,1338908.732104466
2001-11-23,1342433.5650084675
2001-11-30,1339655.4488487383
2001-12-07,1319892.0303399966
2001-12-14,1343183.0158152084
2001-12-21,1358280.6543018906
2001-12-28,1342788.436444525
2002-01-04,1326773.5170745328
2002-01-11,1345947.5601325363
2002-01-18,1350553.623599532
2002-01-25,1377372.274383076
2002-02-01,1351245.1263421588
2002-02-08,1373257.5118981549
2002-02-15,1382918.7236568246
2002-02-22,1389048.598570719
2002-03-01,1381131.5022152893
2002-03-08,1399117.5497114188
2002-03-15,1392587.0395358352
2002-03-22,1402379.2613163136
2002-03-29,1386045.8206634365
2002-04-05,1403775.9094366832
2002-04-12,1404542.3514887383
2002-04-19,1399690.273803697
2002-04-26,1418577.784733168
2002-05-03,1398554.8330283042
2002-05-10,1400631.950948602
2002-05-17,1400966.5124876236
2002-05-24,1387766.3423423972
2002-05-31,1371292.4756938783
2002-06-07,1359664.4010001398
2002-06-14,1372621.7368425783
2002-06-21,1346883.1768344953
2002-06-28,1302530.2470636694
2002-07-05,1254957.739943971
2002-07-12,1193034.407742336
2002-07-19,1241223.7202709229
2002-07-26,1272317.1423206732
2002-08-02,1295557.1845642698
2002-08-09,1292568.4265454314
2002-08-16,1315104.0448939719
2002-08-23,1280012.312325528
2002-08-30,1264442.4206619011
2002-09-06,1276017.7168627682
2002-09-13,1244619.6564150262
2002-09-20,1269153.3391269944
2002-09-27,1261853.0516078975
2002-10-04,1251963.2632286714
2002-10-11,1299339.9605325356
2002-10-18,1291532.9538867625
2002-10-25,1286405.092144034
2002-11-01,1311815.3149044027
2002-11-08,1284138.6807685294
2002-11-15,1289521.7746599643
2002-11-22,1267144.8523056556
2002-11-29,1265658.2727832403
2002-12-06,1263946.017370019
2002-12-13,1245417.7810807442
2002-12-20,1248734.9848636864
2002-12-27,1281827.1247782456
2003-01-03,1267585.689257928
2003-01-10,1259807.8140656138
2003-01-17,1232284.955120365
2003-01-24,1205758.6225451415
2003-01-31,1207168.689945003
2003-02-07,1184190.0443085276
2003-02-14,1193723.935522573
2003-02-21,1192485.0364341019
2003-02-28,1169704.9441740585
2003-03-07,1183238.569115792
2003-03-14,1234348.772147983
2003-03-21,1239739.9777041895
2003-03-28,1251398.96532866
2003-04-04,1251836.041013789
2003-04-11,1262973.3402439863
2003-04-18,1281403.6976616425
2003-04-25,1289859.7659944969
2003-05-02,1298049.2679148861
2003-05-09,1322633.8490331022
2003-05-16,1318707.49958861
2003-05-23,1330809.9297061623
2003-05-30,1367464.399501315
2003-06-06,1396766.3985392775
2003-06-13,1387448.0237614785
2003-06-20,1381653.099928985
2003-06-27,1381985.2449463392
2003-07-04,1384332.1322435285
2003-07-11,1376743.3964619888
2003-07-18,1374957.7267850458
2003-07-25,1356697.1148240524
2003-08-01,1345632.252397438
2003-08-08,1356997.6074910662
2003-08-15,1336880.2084835302
2003-08-22,1340507.0726818256
2003-08-29,1371204.6530835072
2003-09-05,1380751.9407224709
2003-09-12,1395538.5846181477
2003-09-19,1359146.3325771217
2003-09-26,1396174.577771182
2003-10-03,1392013.9159867363
2003-10-10,1413651.7085267883
2003-10-17,1393640.6241259498
2003-10-24,1392028.3304944623
2003-10-31,1398961.883670033
2003-11-07,1418733.6197170909
2003-11-14,1409932.2536200678
2003-11-21,1429651.97947439
2003-11-28,1455698.0218624799
2003-12-05,1446789.0720596327
2003-12-12,1461775.825577958
2003-12-19,1463044.4648561194
2003-12-26,1482321.9292626479
2004-01-02,1482188.7497284801
2004-01-09,1478014.3347360357
2004-01-16,1496913.3541982137
2004-01-23,1518867.3368709933
2004-01-30,1536219.4539999194
2004-02-06,1550132.957515517
2004-02-13,1560499.2027197003
2004-02-20,1569042.3029942561
2004-02-27,1578927.3552904024
2004-03-05,1547226.9280851416
2004-03-12,1556983.9876639042
2004-03-19,1546919.658125972
2004-03-26,1587179.8737301016
2004-04-02,1600962.938969153
2004-04-09,1604406.798934406
2004-04-16,1639346.8780193983
2004-04-23,1619196.4999348507
2004-04-30,1631614.6170051165
2004-05-07,1603633.3278942492
2004-05-14,1603493.098596811
2004-05-21,1638483.895243356
2004-05-28,1644429.186055193
2004-06-04,1664243.6906136007
2004-06-11,1662214.0217033597
2004-06-18,1648786.48447012
2004-06-25,1639694.331735054
2004-07-02,1628656.2591426845
2004-07-09,1639602.458867242
2004-07-16,1609039.6342488318
2004-07-23,1607749.294751309
2004-07-30,1590595.8744510475
2004-08-06,1601219.1265257245
2004-08-13,1610042.0564353687
2004-08-20,1625311.4990340383
2004-08-27,1663999.4213234256
2004-09-03,1660488.6836592616
2004-09-10,1662882.805477778
2004-09-17,1627075.694366244
2004-09-24,1639816.8527584877
2004-10-01,1637406.391116959
2004-10-08,1611672.1950400523
2004-10-15,1617252.6164704096
2004-10-22,1646780.2098222037
2004-10-29,1697331.4181827223
2004-11-05,1725944.069083052
2004-11-12,1738378.5668767742
2004-11-19,1727935.387013464
2004-11-26,1760997.329927898
2004-12-03,1779309.5972820444
2004-12-10,1813455.8119523663
2004-12-17,1803158.5829545842
2004-12-24,1821923.0831890288
2004-12-31,1793425.5182006757
2005-01-07,1793672.6226184554
2005-01-14,1810403.5750875233
2005-01-21,1832527.3060821716
2005-01-28,1858440.3954102565
2005-02-04,1849555.7729433938
2005-02-11,1860174.834298355
2005-02-18,1868508.3989833633
2005-02-25,1890972.3469314831
2005-03-04,1883927.1542745295
2005-03-11,1865922.9922017027
2005-03-18,1859234.14146291
2005-03-25,1882704.2034743857
2005-04-01,1921341.733406952
2005-04-08,1898982.100116081
2005-04-15,1872681.731785415
2005-04-22,1881905.9233067336
2005-04-29,1916509.6404580434
2005-05-06,1923517.912084057
2005-05-13,1932874.562545782
2005-05-20,1914186.0144603015
2005-05-27,1928353.4989216472
2005-06-03,1927363.449572544
2005-06-10,1926848.978145086
2005-06-17,1903634.886464764
2005-06-24,1883591.0851719757
2005-07-01,1876761.8847908818
2005-07-08,1881675.1264127311
2005-07-15,1883161.0876932833
2005-07-22,1934240.2595394196
2005-07-29,1923068.3100279428
2005-08-05,1922511.2394350984
2005-08-12,1905984.8277229525
2005-08-19,1880120.3370467839
2005-08-26,1902663.6242543506
2005-09-02,1924352.6522230718
2005-09-09,1914897.6230888248
2005-09-16,1898863.1311880853
2005-09-23,1929713.5354284581
2005-09-30,1923046.1228136222
2005-10-07,1895836.486035908
2005-10-14,1925227.189010066
2005-10-21,1882528.8818358995
2005-10-28,1943080.1380012943
2005-11-04,1977393.3717009572
2005-11-11,1985391.2797807094
2005-11-18,1974853.2994410456
2005-11-25,1986622.3307798307
2005-12-02,1982891.9918500253
2005-12-09,2018280.205853548
2005-12-16,2035611.9453715675
2005-12-23,2021183.5082266005
2005-12-30,2016199.353875538
2006-01-06,2028824.553291525
2006-01-13,2027011.9137714764
2006-01-20,1999564.1222196461
2006-01-27,2017451.6829486387
2006-02-03,2001293.7534630762
2006-02-10,2042012.7032362798
2006-02-17,2047406.5194998826
2006-02-24,2027116.0134489282
2006-03-03,2021672.4343885742
2006-03-10,2033281.3588596194
2006-03-17,2036088.986105002
2006-03-24,2014878.2866075356
2006-03-31,1999804.2622233855
2006-04-07,1969918.837707874
2006-04-14,1965427.8938923553
2006-04-21,1976119.6822641527
2006-04-28,1955706.3098826269
2006-05-05,1934610.6300336244
2006-05-12,1927627.1199658788
2006-05-19,1933009.728405142
2006-05-26,1973143.1835242736
2006-06-02,1959222.134809731
2006-06-09,1945799.770337223
2006-06-16,1949714.7086576864
2006-06-23,1973563.6240537742
2006-06-30,1978049.4854436915
2006-07-07,2006546.205973345
2006-07-14,2041106.9742229343
2006-07-21,2041094.0863227984
2006-07-28,2039902.036241963
2006-08-04,2042535.2238280226
2006-08-11,2069921.1491022178
2006-08-18,2087114.5657703725
2006-08-25,2107323.3719892004
2006-09-01,2080699.1960094452
2006-09-08,2108080.696989436
2006-09-15,2116266.261018692
2006-09-22,2130755.755646791
2006-09-29,2149377.3721012548
2006-10-06,2154365.959938411
2006-10-13,2138137.910776381
2006-10-20,2147240.5024705697
2006-10-27,2132716.9950914797
2006-11-03,2123011.1073351605
2006-11-10,2155977.86596501
2006-11-17,2165879.6823642612
2006-11-24,2156145.1636040984
2006-12-01,2178391.9644654836
2006-12-08,2182037.2007725085
2006-12-15,2184609.693229546
2006-12-22,2186388.331428665
2006-12-29,2186746.235481868
2007-01-05,2218530.465411639
2007-01-12,2229827.9756248635
2007-01-19,2216692.8325849827
2007-01-26,2251942.7518819734
2007-02-02,2232918.842899556
2007-02-09,2252100.4327526153
2007-02-16,2243422.2082162877
2007-02-23,2202033.612030068
2007-03-02,2200653.6325645274
2007-03-09,2196981.894307989
2007-03-16,2243582.675442113
2007-03-23,2239891.864999276
2007-03-30,2277504.5537310205
2007-04-06,2281216.698990185
2007-04-13,2319166.5453092908
2007-04-20,2336929.062071227
2007-04-27,2359561.0775419706
2007-05-04,2330892.6135072485
2007-05-11,2355890.771445287
2007-05-18,2322682.311931424
2007-05-25,2347617.7416877816
2007-06-01,2287541.0804918534
2007-06-08,2306665.9230611967
2007-06-15,2295639.2756954837
2007-06-22,2287345.3393033487
2007-06-29,2298771.465448831
2007-07-06,2317329.2423134292
2007-07-13,2310626.253145106
2007-07-20,2284897.2410677928
2007-07-27,2277960.733144169
2007-08-03,2277416.5667368504
2007-08-10,2243751.204556092
2007-08-17,2290030.4711105116
2007-08-24,2275195.987239336
2007-08-31,2303699.8465352957
2007-09-07,2344335.712983039
2007-09-14,2380539.719487289
2007-09-21,2411436.689086485
2007-09-28,2420268.954579962
2007-10-05,2429633.650990659
2007-10-12,2439784.4247786943
2007-10-19,2470484.9937702324
2007-10-26,2452670.619003802
2007-11-02,2468313.357054835
2007-11-09,2475179.0134052453
2007-11-16,2474195.0711968644
2007-11-23,2537806.5075586
2007-11-30,2568512.5336608086
2007-12-07,2583485.0804968677
2007-12-14,2529916.099489121
2007-12-21,2540860.363553588
2007-12-28,2510451.8786288192
2008-01-04,2577473.6123109492
2008-01-11,2454273.884998657
2008-01-18,2396454.534695986
2008-01-25,2392479.0017347042
2008-02-01,2392243.201161247
2008-02-08,2398296.2978859134
2008-02-15,2393475.560569182
2008-02-22,2429162.997180478
2008-02-29,2375610.9381775307
2008-03-07,2399791.3155337055
2008-03-14,2454679.6364258956
2008-03-21,2446482.1931573586
2008-03-28,2446520.406552553
2008-04-04,2451691.9341751738
2008-04-11,2405282.140502902
2008-04-18,2419026.0292457985
2008-04-25,2451050.74222358
2008-05-02,2406077.345256998
2008-05-09,2434221.032070791
2008-05-16,2415608.337023003
2008-05-23,2435883.2825181973
2008-05-30,2406078.646714111
2008-06-06,2357358.3795612035
2008-06-13,2309983.2966937097
2008-06-20,2254738.1569125666
2008-06-27,2271709.673415685
2008-07-04,2276695.832571783
2008-07-11,2288494.078328603
2008-07-18,2331108.771421619
2008-07-25,2343685.8371789358
2008-08-01,2419298.6983705806
2008-08-08,2462477.9934981763
2008-08-15,2428357.6312837102
2008-08-22,2445807.463562177
2008-08-29,2383732.9249207866
2008-09-05,2467198.606534819
2008-09-12,2445391.4562541726
2008-09-19,2387573.2907606373
2008-09-26,2388323.8426301456
2008-10-03,2045856.4664163017
2008-10-10,2101084.1167418156
2008-10-17,2037250.5728814295
2008-10-24,2105734.032391588
2008-10-31,2055830.8845840232
2008-11-07,2113130.3981606006
2008-11-14,1907309.371037156
2008-11-21,2015891.826739262
2008-11-28,1994259.3809195184
2008-12-05,1995434.5175909577
2008-12-12,2059256.590354444
2008-12-19,2041918.8549670018
2008-12-26,2090206.198131593
2009-01-02,2064615.0983390906
2009-01-09,2000584.8672350803
2009-01-16,2023028.6442759456
2009-01-23,2056949.8087597487
2009-01-30,2040440.7037876083
2009-02-06,2024539.7040500587
2009-02-13,1979633.0200314152
2009-02-20,1868765.096660908
2009-02-27,1739259.6501125232
2009-03-06,1808136.8582366544
2009-03-13,1840676.5763561826
2009-03-20,1924567.5763498133
2009-03-27,1942581.4958892378
2009-04-03,1935644.0129381502
2009-04-10,1939082.8277203671
2009-04-17,1910762.1261679681
2009-04-24,1907572.0043361995
2009-05-01,1935833.7702546385
2009-05-08,1977403.4951352275
2009-05-15,2002370.6361866456
2009-05-22,2023276.8015755247
2009-05-29,2089979.6016591082
2009-06-05,2078672.015721148
2009-06-12,2102626.86097016
2009-06-19,2096889.091778832
2009-06-26,2099297.9256766792
2009-07-03,2089664.3700287403
2009-07-10,2159177.897238572
2009-07-17,2170597.834217075
2009-07-24,2173729.6490750043
2009-07-31,2128414.47162174
2009-08-07,2139787.6099590412
2009-08-14,2167016.5681402404
2009-08-21,2199900.4169486584
2009-08-28,2167467.36502904
2009-09-04,2232495.493474484
2009-09-11,2254986.3557585967
2009-09-18,2255631.7517414177
2009-09-25,2260113.543608101
2009-10-02,2304197.9753738563
2009-10-09,2332665.187846367
2009-10-16,2339056.2174327075
2009-10-23,2324795.9034507023
2009-10-30,2347301.467627562
2009-11-06,2394163.3488519983
2009-11-13,2423089.2510677413
2009-11-20,2460965.6960890694
2009-11-27,2454712.115509908
2009-12-04,2466291.061939469
2009-12-11,2439584.6555298693
2009-12-18,2472526.5818536608
2009-12-25,2452670.1375355166
2010-01-01,2453490.0205904394
2010-01-08,2482399.926749153
2010-01-15,2430083.9907011446
2010-01-22,2423624.4727463285
2010-01-29,2407928.7323308713
2010-02-05,2426021.767453099
2010-02-12,2503326.864724102
2010-02-19,2476357.0648721983
2010-02-26,2505907.6375114094
2010-03-05,2516723.926675684
2010-03-12,2551448.964004738
2010-03-19,2554019.419934613
2010-03-26,2569774.060597885
2010-04-02,2536892.0911380975
2010-04-09,2549935.1465168796
2010-04-16,2555086.315892605
2010-04-23,2550452.2145258854
2010-04-30,2484625.797461243
2010-05-07,2527623.171934617
2010-05-14,2434892.955040911
2010-05-21,2441636.934170517
2010-05-28,2484217.459151592
2010-06-04,2485851.4148914837
2010-06-11,2523240.0575190946
2010-06-18,2467084.8005144875
2010-06-25,2389654.186775965
2010-07-02,2484475.499413088
2010-07-09,2504499.641107191
2010-07-16,2488213.479394688
2010-07-23,2484122.542982973
2010-07-30,2520303.3444055305
2010-08-06,2507132.25723466
2010-08-13,2510553.974523998
2010-08-20,2479090.818898482
2010-08-27,2542335.5829548733
2010-09-03,2564244.3695954992
2010-09-10,2586058.95582554
2010-09-17,2595091.2677718014
2010-09-24,2605930.610625965
2010-10-01,2627955.0324528418
2010-10-08,2668852.6056459513
2010-10-15,2684177.4312757556
2010-10-22,2676789.663712049
2010-10-29,2698979.083149048
2010-11-05,2684232.0974612795
2010-11-12,2677049.931582221
2010-11-19,2689200.6984321414
2010-11-26,2709383.6613064175
2010-12-03,2717566.948063004
2010-12-10,2768761.47108635
2010-12-17,2773239.1394115
2010-12-24,2760114.1983818556
2010-12-31,2731267.732182235
2011-01-07,2744414.427290958
2011-01-14,2758929.2086687875
2011-01-21,2741060.6939831497
2011-01-28,2734112.8986974475
2011-02-04,2758039.477517412
2011-02-11,2787165.632144192
2011-02-18,2777259.146993159
2011-02-25,2830830.791663497
2011-03-04,2815731.4565918553
2011-03-11,2748666.035546145
2011-03-18,2820964.9650369235
2011-03-25,2851206.7227314934
2011-04-01,2874398.7283915468
2011-04-08,2901205.8396737594
2011-04-15,2916605.681930485
2011-04-22,2951062.9462219165
2011-04-29,2952152.777066611
2011-05-06,3026484.490771942
2011-05-13,3030750.21416669
2011-05-20,2958707.906165099
2011-05-27,2944429.4587212293
2011-06-03,2929499.053172407
2011-06-10,2928008.2050866517
2011-06-17,2935336.9399724635
2011-06-24,2988809.294297147
2011-07-01,3037498.5781156053
2011-07-08,2995752.3783706613
2011-07-15,3040850.8027486093
2011-07-22,2963049.0843738704
2011-07-29,2817204.342328244
2011-08-05,2844703.2511581383
2011-08-12,2845629.1558470526
2011-08-19,2871284.1485966467
2011-08-26,2964969.298450869
2011-09-02,2949886.361355663
2011-09-09,2960149.701853072
2011-09-16,2870148.3101118
2011-09-23,2930618.6081310716
2011-09-30,2891696.0988103063
2011-10-07,2958430.121506063
2011-10-14,2967038.8540969566
2011-10-21,3025471.6886178013
2011-10-28,2979932.5258001494
2011-11-04,2967785.22810981
2011-11-11,2949877.2321647494
2011-11-18,2874423.0426184502
2011-11-25,3006889.1320924466
2011-12-02,3000859.296105741
2011-12-09,3012143.257566769
2011-12-16,3083721.676314606
2011-12-23,3120066.141310511
2011-12-30,3088756.2596135787
2012-01-06,3090080.3289122107
2012-01-13,3117460.9101157775
2012-01-20,3115214.546709846
2012-01-27,3092806.72777636
2012-02-03,3085034.103519473
2012-02-10,3100227.042962901
2012-02-17,3098225.6391068553
2012-02-24,3107467.5206970465
2012-03-02,3099871.8479403853
2012-03-09,3146664.277294782
2012-03-16,3157607.978154012
2012-03-23,3204319.4583521197
2012-03-30,3204017.8913055537
2012-04-06,3162043.2120010834
2012-04-13,3186963.133795693
2012-04-20,3242530.555516455
2012-04-27,3259882.543331488
2012-05-04,3252730.031414326
2012-05-11,3212214.193413679
2012-05-18,3216746.6099315747
2012-05-25,3190575.1887440546
2012-06-01,3190366.569212574
2012-06-08,3242069.856737633
2012-06-15,3213944.9117724802
2012-06-22,3250700.1235228735
2012-06-29,3328060.144735708
2012-07-06,3299480.755867676
2012-07-13,3344277.1006195787
2012-07-20,3322106.8929852895
2012-07-27,3324015.525353232
2012-08-03,3330759.792580431
2012-08-10,3350164.9703810425
2012-08-17,3317554.073573208
2012-08-24,3304703.8737544976
2012-08-31,3366184.787312194
2012-09-07,3375453.160208733
2012-09-14,3409325.7838890734
2012-09-21,3394170.7683943408
2012-09-28,3412265.0686903363
2012-10-05,3379308.330482743
2012-10-12,3418240.752654671
2012-10-19,3343319.3012284697
2012-10-26,3363637.725789973
2012-11-02,3287001.9339620643
2012-11-09,3292105.4209382986
2012-11-16,3356128.373073248
2012-11-23,3401565.938983632
2012-11-30,3399281.6042282283
2012-12-07,3432141.504993033
2012-12-14,3432036.725036817
2012-12-21,3371088.792933912
2012-12-28,3474535.2363268426
2013-01-04,3506972.571890096
2013-01-11,3534822.768679558
2013-01-18,3554835.9855772112
2013-01-25,3578273.7915975885
2013-02-01,3652670.0821587485
2013-02-08,3625903.7834264906
2013-02-15,3670659.1344988015
2013-02-22,3734853.826134332
2013-03-01,3777015.4476775406
2013-03-08,3813871.201366219
2013-03-15,3841181.1220948645
2013-03-22,3944682.2084278655
2013-03-29,3937938.29761974
2013-04-05,3998339.6671844767
2013-04-12,4008868.067348133
2013-04-19,4041478.1587314866
2013-04-26,4058236.7766102375
2013-05-03,4036507.8541573035
2013-05-10,4129075.347981873
2013-05-17,4076743.062479513
2013-05-24,4032822.400675758
2013-05-31,3970285.2134469864
2013-06-07,4007099.235958544
2013-06-14,3878585.992001949
2013-06-21,3982319.3079495295
2013-06-28,3975051.1764868135
2013-07-05,4096031.2888111197
2013-07-12,4116394.723724525
2013-07-19,4137783.459974704
2013-07-26,4180722.488681853
2013-08-02,4168870.2808164526
2013-08-09,4060776.4427280086
2013-08-16,4021425.187112497
2013-08-23,3960594.163820391
2013-08-30,3973974.3140630624
2013-09-06,4035244.9864140893
2013-09-13,4132504.2433127933
2013-09-20,4063103.85736003
2013-09-27,3973842.758649901
2013-10-04,4043422.7420591707
2013-10-11,4147690.1037709955
2013-10-18,4187600.58090152
2013-10-25,4233234.525689177
2013-11-01,4245522.998072092
2013-11-08,4315126.027594419
2013-11-15,4302929.40055231
2013-11-22,4333784.5314527005
2013-11-29,4269142.01536327
2013-12-06,4230788.408218098
2013-12-13,4289827.032942807
2013-12-20,4328554.166635051
2013-12-27,4305879.577710011
