Date,Growth
2000-01-07,999999.9999999993
2000-01-14,982094.4428099792
2000-01-21,969676.1478333726
2000-01-28,976417.3407724181
2000-02-04,960759.041268672
2000-02-11,945044.9866474854
2000-02-18,938012.9154529702
2000-02-25,943262.0845627643
2000-03-03,942285.5186042548
2000-03-10,1045591.7047175269
2000-03-17,1034213.5220620891
2000-03-24,1076631.4851940442
2000-03-31,1091316.6435358028
2000-04-07,1095458.2772926847
2000-04-14,1078133.8975688796
2000-04-21,1078925.6136954734
2000-04-28,1069563.8058817466
2000-05-05,1095147.5949363252
2000-05-12,1101074.4224424683
2000-05-19,1092408.0200200628
2000-05-26,1103414.102868998
2000-06-02,1070234.8951926306
2000-06-09,1079205.273493962
2000-06-16,1036633.2377148992
2000-06-23,1056821.0286596757
2000-06-30,1070183.9694459382
2000-07-07,1086639.8024184057
2000-07-14,1077788.2412207804
2000-07-21,1080498.3384376029
2000-07-28,1069945.7578530773
2000-08-04,1087311.5741955666
2000-08-11,1083677.6633004611
2000-08-18,1086414.5921064876
2000-08-25,1068504.8037057328
2000-09-01,1084080.0464013764
2000-09-08,1100049.7581240945
2000-09-15,1086121.714304581
2000-09-22,1100193.5742000495
2000-09-29,1120284.2468377193
2000-10-06,1077711.2375342355
2000-10-13,1119911.3482991797
2000-10-20,1118959.8897618223
2000-10-27,1225036.9844315911
2000-11-03,1229317.4045293732
2000-11-10,1223502.436913918
2000-11-17,1229251.2824351348
2000-11-24,1231028.565829662
2000-12-01,1256955.330338728
2000-12-08,1259098.0169015618
2000-12-15,1246012.0453622947
2000-12-22,1322965.763114073
2000-12-29,1308071.2048336945
2001-01-05,1317122.9741482316
2001-01-12,1320978.2239620418
2001-01-19,1328733.0735728634
2001-01-26,1369030.9470640076
2001-02-02,1331480.0533139354
2001-02-09,1338369.6427144825
2001-02-16,1313337.2625152336
2001-02-23,1301680.6754668707
2001-03-02,1358121.91134956
2001-03-09,1264157.3565047162
2001-03-16,1222649.4836989085
2001-03-23,1257254.195630405
2001-03-30,1283942.7233164164
2001-04-06,1261415.6431231042
2001-04-13,1330860.6133194626
2001-04-20,1345917.005685336
2001-04-27,1348027.2424747483
2001-05-04,1367143.2318233296
2001-05-11,1424036.5789393822
2001-05-18,1436871.953058285
2001-05-25,1427903.7105493885
2001-06-01,1452171.4998693264
2001-06-08,1428461.1998102346
2001-06-15,1469509.7981291949
2001-06-22,1417444.309275123
2001-06-29,1413384.1162304445
2001-07-06,1453100.6707106852
2001-07-13,1494481.622768761
2001-07-20,1480873.0274744902
2001-07-27,1478691.0762814505
2001-08-03,1468097.2174150383
2001-08-10,1490893.8568550518
2001-08-17,1477489.298486532
2001-08-24,1466662.22580246
2001-08-31,1449754.3726172405
2001-09-07,1372972.4455203023
2001-09-14,1275107.573632109
2001-09-21,1350400.1261156665
2001-09-28,1422318.8026908373
2001-10-05,1455199.7551675446
2001-10-12,1450248.057205171
2001-10-19,1473361.3623167328
2001-10-26,1441986.3251812018
2001-11-02,1475416.146079379
2001-11-09,1550743.9904023819
2001-11-16,1531906.0293945465
2001-11-23,1533996.658892725
2001-11-30,1624399.9806490822
2001-12-07,1567452.6508707511
2001-12-14,1615809.5701095855
2001-12-21,1658356.5334893893
2001-12-28,1608248.7275790563
2002-01-04,1594059.1222473453
2002-01-11,1582788.658139407
2002-01-18,1636442.8470969575
2002-01-25,1699749.1963636142
2002-02-01,1631193.0673806185
2002-02-08,1700717.9016848893
2002-02-15,1679987.8367172447
2002-02-22,1687642.4120974697
2002-03-01,1697031.8624839233
2002-03-08,1710605.3970875142
2002-03-15,1737636.2167303746
2002-03-22,1722077.4081185213
2002-03-29,1673720.2569269026
2002-04-05,1724208.438030731
2002-04-12,1742746.0648148914
2002-04-19,1763534.7352989733
2002-04-26,1770624.0530716493
2002-05-03,1754228.2729794083
2002-05-10,1769131.229095619
2002-05-17,1788497.376020997
2002-05-24,1764483.7012481967
2002-05-31,1742320.2900214863
2002-06-07,1727145.328310893
2002-06-14,1737488.8995129904
2002-06-21,1698390.8527658654
2002-06-28,1630022.1197806303
2002-07-05,1590218.0007551804
2002-07-12,1516451.7325823063
2002-07-19,1491510.4037111383
2002-07-26,1512589.7306284625
2002-08-02,1522519.3887207033
2002-08-09,1602195.599740272
2002-08-16,1667544.8745448408
2002-08-23,1594621.9290245525
2002-08-30,1584030.7495423374
2002-09-06,1629841.9186523315
2002-09-13,1609999.693750899
2002-09-20,1637789.1321043805
2002-09-27,1552950.7941529644
2002-10-04,1547415.4701868014
2002-10-11,1666545.9981924805
2002-10-18,1676770.0720421274
2002-10-25,1688534.4420974096
2002-11-01,1666522.629350933
2002-11-08,1687340.677698041
2002-11-15,1680228.7283993522
2002-11-22,1688319.5039078426
2002-11-29,1654022.9322567962
2002-12-06,1623293.4332235109
2002-12-13,1583382.7073349687
2002-12-20,1581744.2407827664
2002-12-27,1633807.2508141468
2003-01-03,1632059.6543029416
2003-01-10,1604246.4603507214
2003-01-17,1552785.2648141526
2003-01-24,1489876.17994078
2003-01-31,1492523.1960895334
2003-02-07,1461168.4728026595
2003-02-14,1483340.806362717
2003-02-21,1496506.9518142042
2003-02-28,1466950.043143968
2003-03-07,1517145.2885916186
2003-03-14,1588022.7696438797
2003-03-21,1583747.6995687254
2003-03-28,1614352.331230504
2003-04-04,1620715.4083141123
2003-04-11,1639925.7501716674
2003-04-18,1643882.7184007047
2003-04-25,1652307.2937841052
2003-05-02,1690727.2671389638
2003-05-09,1702953.7907219923
2003-05-16,1672855.2049478695
2003-05-23,1680195.862629812
2003-05-30,1767502.0671331072
2003-06-06,1775324.037178731
2003-06-13,1749420.100681908
2003-06-20,1758093.8836514591
2003-06-27,1755781.745360109
2003-07-04,1774393.490287222
2003-07-11,1789627.925383556
2003-07-18,1803022.9562957874
2003-07-25,1840757.5036304744
2003-08-01,1808891.6134635513
2003-08-08,1876682.9918598365
2003-08-15,1925609.095999169
2003-08-22,1939021.81324484
2003-08-29,1958859.7845246464
2003-09-05,1903011.1829053073
2003-09-12,1947794.4724756156
2003-09-19,1933271.4190009113
2003-09-26,1951008.367286865
2003-10-03,2015460.9452655506
2003-10-10,2033062.389673826
2003-10-17,2025122.1074964115
2003-10-24,2090156.6390236372
2003-10-31,2108620.0992528996
2003-11-07,2096892.3682841866
2003-11-14,2048990.5484996943
2003-11-21,2119794.3676668596
2003-11-28,2106799.260297146
2003-12-05,2050034.189254947
2003-12-12,2066329.901500688
2003-12-19,2047413.5249863653
2003-12-26,2080324.6187824362
2004-01-02,2080091.8244239055
2004-01-09,2111397.1711028055
2004-01-16,2133072.7921968834
2004-01-23,2113938.446422208
2004-01-30,2138313.6854390404
2004-02-06,2206758.1359580373
2004-02-13,2210172.0821794937
2004-02-20,2216292.6742067933
2004-02-27,2194010.2273057415
2004-03-05,2140246.73544251
2004-03-12,2180850.6587966452
2004-03-19,2181293.013311322
2004-03-26,2224602.4318339024
2004-04-02,2232549.642778261
2004-04-09,2228918.272916057
2004-04-16,2286160.789562344
2004-04-23,2268585.0022237073
2004-04-30,2248421.0782739706
2004-05-07,2189024.5502506397
2004-05-14,2155779.1142015406
2004-05-21,2236657.6190520427
2004-05-28,2255968.9775203518
2004-06-04,2293488.631457743
2004-06-11,2293102.0472563826
2004-06-18,2331358.9859530837
2004-06-25,2246063.7162999706
2004-07-02,2187782.7754469966
2004-07-09,2185101.1641496457
2004-07-16,2126410.535798619
2004-07-23,2141046.251769682
2004-07-30,2053831.9597647206
2004-08-06,2049403.0273239112
2004-08-13,2091360.8671484725
2004-08-20,2088557.9601574077
2004-08-27,2134792.065567213
2004-09-03,2122569.5327686644
2004-09-10,2156089.642376328
2004-09-17,2122711.749398749
2004-09-24,2138943.4922245997
2004-10-01,2158419.6647934583
2004-10-08,2117325.6851984765
2004-10-15,2187203.118868511
2004-10-22,2251362.268521036
2004-10-29,2352661.70699893
2004-11-05,2379725.6173603553
2004-11-12,2372780.6615974614
2004-11-19,2378167.8883771123
2004-11-26,2397780.1230446035
2004-12-03,2397321.5421302817
2004-12-10,2396598.511501699
2004-12-17,2435827.6734542493
2004-12-24,2468022.5196345104
2004-12-31,2415962.502445256
2005-01-07,2404895.826154682
2005-01-14,2421584.9974019635
2005-01-21,2388638.602527706
2005-01-28,2433590.7673709686
2005-02-04,2426182.6920687864
2005-02-11,2442905.6729931226
2005-02-18,2438372.918027703
2005-02-25,2499230.3851444563
2005-03-04,2495041.766730364
2005-03-11,2422384.142546582
2005-03-18,2397986.0837133396
2005-03-25,2409164.7749864934
2005-04-01,2415512.50135407
2005-04-08,2332499.328221192
2005-04-15,2325084.634282041
2005-04-22,2321579.211927323
2005-04-29,2360791.3198709893
2005-05-06,2357886.6906356737
2005-05-13,2462974.774511477
2005-05-20,2469193.465782423
2005-05-27,2507658.2736935867
2005-06-03,2503547.680455749
2005-06-10,2540667.731204842
2005-06-17,2498429.774151733
2005-06-24,2488769.0355553436
2005-07-01,2478703.344429439
2005-07-08,2530117.242090583
2005-07-15,2568934.211597754
2005-07-22,2613253.6337974924
2005-07-29,2562308.997917734
2005-08-05,2550028.616790042
2005-08-12,2508674.492028881
2005-08-19,2478196.7337723523
2005-08-26,2430105.2360634217
2005-09-02,2452436.6542920317
2005-09-09,2437408.4368047207
2005-09-16,2384118.003361022
2005-09-23,2373822.4119478315
2005-09-30,2364672.622777262
2005-10-07,2327645.2687216164
2005-10-14,2329056.5390065834
2005-10-21,2292677.2820341038
2005-10-28,2440238.391693707
2005-11-04,2478273.5621404178
2005-11-11,2487483.86396212
2005-11-18,2515508.0923002814
2005-11-25,2520746.8688663146
2005-12-02,2539636.103871436
2005-12-09,2583668.7570466497
2005-12-16,2555527.6171825132
2005-12-23,2551692.8575875955
2005-12-30,2560103.801359577
2006-01-06,2582702.998608961
2006-01-13,2581822.407170094
2006-01-20,2565457.626600908
2006-01-27,2619037.9354082565
2006-02-03,2594925.8317802446
2006-02-10,2655556.2366311485
2006-02-17,2656367.441462201
2006-02-24,2686246.57782778
2006-03-03,2657799.484594096
2006-03-10,2731772.9067546064
2006-03-17,2740822.748042793
2006-03-24,2732878.9037750913
2006-03-31,2749888.3694219957
2006-04-07,2706739.83984902
2006-04-14,2730457.0091714174
2006-04-21,2690268.325536978
2006-04-28,2674667.2077059085
2006-05-05,2683654.413678728
2006-05-12,2590716.125521828
2006-05-19,2594801.969038628
2006-05-26,2632236.2115705553
2006-06-02,2590698.514746615
2006-06-09,2610469.4886946143
2006-06-16,2595950.9338202807
2006-06-23,2600922.719396746
2006-06-30,2555739.531550079
2006-07-07,2492656.5219452125
2006-07-14,2479286.4209270114
2006-07-21,2493157.9156085686
2006-07-28,2506463.353094516
2006-08-04,2496959.9354660483
2006-08-11,2553629.287366048
2006-08-18,2484184.8954344587
2006-08-25,2558768.541777994
2006-09-01,2559358.7750060568
2006-09-08,2677521.158762007
2006-09-15,2693860.0637540473
2006-09-22,2750862.5015064734
2006-09-29,2847232.7435857207
2006-10-06,2878373.760497095
2006-10-13,2871338.8763047997
2006-10-20,2899118.117897873
2006-10-27,2839889.23108838
2006-11-03,2858734.9230780066
2006-11-10,2942165.571655204
2006-11-17,2900117.701743094
2006-11-24,2868199.1482318477
2006-12-01,2903400.5329788523
2006-12-08,2944610.476699446
2006-12-15,2919040.563652902
2006-12-22,2922749.5181775116
2006-12-29,2950018.711906292
2007-01-05,3015122.449645725
2007-01-12,3031297.6675631423
2007-01-19,3005133.765474519
2007-01-26,3070878.677472428
2007-02-02,3075476.778603714
2007-02-09,3108248.9021399296
2007-02-16,3115647.32828178
2007-02-23,3013624.9831353524
2007-03-02,3009012.885608568
2007-03-09,2984529.493223214
2007-03-16,3096624.9088161387
2007-03-23,3062713.434869214
2007-03-30,3112853.4838773846
2007-04-06,3106795.866702141
2007-04-13,3120072.832171792
2007-04-20,3154060.7914538425
2007-04-27,3142433.3587366203
2007-05-04,3113620.3830552683
2007-05-11,3114954.285512447
2007-05-18,3098080.9978683307
2007-05-25,3170280.156395777
2007-06-01,3090505.7180398908
2007-06-08,3131103.0645058383
2007-06-15,3131735.658063754
2007-06-22,3121294.3899943274
2007-06-29,3147661.19823312
2007-07-06,3171966.275027707
2007-07-13,3170824.7383559262
2007-07-20,3026832.342156202
2007-07-27,3054671.850849209
2007-08-03,3037203.240565269
2007-08-10,2907654.1107912334
2007-08-17,3015706.6619384945
2007-08-24,3044564.214425653
2007-08-31,3049725.6431773924
2007-09-07,3023912.117735692
2007-09-14,3079575.2117900806
2007-09-21,3060022.613706097
2007-09-28,3080967.4610849298
2007-10-05,3140707.319926765
2007-10-12,3094326.9839938264
2007-10-19,3062443.1261233226
2007-10-26,3029786.6400592364
2007-11-02,3002776.0055466904
2007-11-09,2999136.032043852
2007-11-16,2917748.715066044
2007-11-23,3013796.9847880686
2007-11-30,3130325.43547591
2007-12-07,3030559.822786058
2007-12-14,2998667.6757486425
2007-12-21,2998194.959576425
2007-12-28,2885730.0792024266
2008-01-04,2816494.945334355
2008-01-11,2728438.796023294
2008-01-18,2846319.613526299
2008-01-25,2936008.752913829
2008-02-01,2897923.282325731
2008-02-08,2872308.871847397
2008-02-15,2840332.7901236983
2008-02-22,2915667.7410994535
2008-02-29,2810961.8314761124
2008-03-07,2810907.970290166
2008-03-14,2934756.4367754757
2008-03-21,2906402.3496499117
2008-03-28,2990967.1929683187
2008-04-04,2949765.273422664
2008-04-11,2954819.530715505
2008-04-18,2976759.5490361727
2008-04-25,3071669.493934444
2008-05-02,2981628.209549888
2008-05-09,3089114.0539730173
2008-05-16,3015543.2234817953
2008-05-23,3067085.994985224
2008-05-30,3109826.6406389726
2008-06-06,2987755.007562788
2008-06-13,3035171.5139103304
2008-06-20,2860419.0185340713
2008-06-27,2821185.9506947044
2008-07-04,2832947.6388291134
2008-07-11,2966730.324218767
2008-07-18,2926530.249137746
2008-07-25,2935489.9361533127
2008-08-01,3039380.1829566825
2008-08-08,3153907.271344103
2008-08-15,3122952.5881942324
2008-08-22,3187473.750756621
2008-08-29,3121893.940276709
2008-09-05,3168488.228322821
2008-09-12,3074491.827312422
2008-09-19,2999836.8254275518
2008-09-26,2833075.658786835
2008-10-03,2399542.803021449
2008-10-10,2492880.550421544
2008-10-17,2387729.6382733206
2008-10-24,2604899.7364115342
2008-10-31,2482043.3401349843
2008-11-07,2447327.0106935925
2008-11-14,2090961.0511016701
2008-11-21,2409925.7319659977
2008-11-28,2355510.7898334344
2008-12-05,2399039.7039356227
2008-12-12,2535892.095864082
2008-12-19,2453385.429439613
2008-12-26,2547502.254539929
2009-01-02,2555212.955196723
2009-01-09,2461849.668938511
2009-01-16,2455158.27562445
2009-01-23,2488127.7212554533
2009-01-30,2506018.0236166976
2009-02-06,2486415.017628828
2009-02-13,2453576.3928039614
2009-02-20,2373685.6827039234
2009-02-27,2336638.152197078
2009-03-06,2520903.8552355384
2009-03-13,2588068.751469097
2009-03-20,2712906.6491216244
2009-03-27,2714097.2952304073
2009-04-03,2811654.6986633725
2009-04-10,2827474.081969302
2009-04-17,2843650.7607618547
2009-04-24,2879229.110778917
2009-05-01,2856329.668989155
2009-05-08,2745880.1257394045
2009-05-15,2777860.2732502944
2009-05-22,2790395.1693995357
2009-05-29,2910468.2380397078
2009-06-05,2866113.6435532626
2009-06-12,2875733.3838811545
2009-06-19,2880022.2995640696
2009-06-26,2796560.4105919963
2009-07-03,2878281.5597089166
2009-07-10,3022605.2538685906
2009-07-17,3078600.4232086423
2009-07-24,3133064.5271381424
2009-07-31,3060268.0472029094
2009-08-07,3093546.283650169
2009-08-14,3118303.2171789114
2009-08-21,3166149.6105531165
2009-08-28,3118124.685495638
2009-09-04,3174832.798381681
2009-09-11,3202716.8380822935
2009-09-18,3154538.2423518947
2009-09-25,3143809.5678035556
2009-10-02,3183796.61955227
2009-10-09,3237632.7645599553
2009-10-16,3246086.5299739228
2009-10-23,3179029.360428777
2009-10-30,3195785.25640282
2009-11-06,3260430.7560756165
2009-11-13,3258788.6766112633
2009-11-20,3306203.357591721
2009-11-27,3266114.872041387
2009-12-04,3287523.316791609
2009-12-11,3285069.8630291894
2009-12-18,3340082.7297019283
2009-12-25,3310828.8220082866
2010-01-01,3397331.1865285356
2010-01-08,3397591.675390056
2010-01-15,3347495.242655516
2010-01-22,3322044.331918345
2010-01-29,3282519.360153078
2010-02-05,3355217.6881211796
2010-02-12,3442987.709268855
2010-02-19,3519750.073808908
2010-02-26,3558768.6480550184
2010-03-05,3631719.5022556027
2010-03-12,3696126.6884344397
2010-03-19,3714045.9780825847
2010-03-26,3729339.3576043667
2010-04-02,3779743.622155929
2010-04-09,3876241.312020248
2010-04-16,3970671.7004892575
2010-04-23,4005778.443788646
2010-04-30,3797676.4768260177
2010-05-07,3883267.761122621
2010-05-14,3729185.9739596895
2010-05-21,3872020.893571623
2010-05-28,3924321.894516891
2010-06-04,3855255.269716119
2010-06-11,3921920.4776216615
2010-06-18,3778103.2088896492
2010-06-25,3689364.762035275
2010-07-02,3708785.5382070416
2010-07-09,3806743.254676668
2010-07-16,3770028.497294111
2010-07-23,3770151.1833393853
2010-07-30,3753349.332851785
2010-08-06,3675446.4891724507
2010-08-13,3685504.481523611
2010-08-20,3638688.2528501265
2010-08-27,3788749.3945849934
2010-09-03,3802737.8936625454
2010-09-10,3908475.6290971977
2010-09-17,3951245.874286942
2010-09-24,4007513.541365983
2010-10-01,4065518.7570617534
2010-10-08,4087380.3311489243
2010-10-15,4121292.7097225995
2010-10-22,4166260.3920373404
2010-10-29,4289555.002099921
2010-11-05,4341981.0154572325
2010-11-12,4307109.461545011
2010-11-19,4417638.219026128
2010-11-26,4465600.257357416
2010-12-03,4496877.815495056
2010-12-10,4541271.588697261
2010-12-17,4527410.599550604
2010-12-24,4544930.328159624
2010-12-31,4401418.997725316
2011-01-07,4430600.854326317
2011-01-14,4473247.444459655
2011-01-21,4523176.843732985
2011-01-28,4496935.765986269
2011-02-04,4605771.810657533
2011-02-11,4603448.950748825
2011-02-18,4554799.866991727
2011-02-25,4704833.105233488
2011-03-04,4693346.860830286
2011-03-11,4615867.114187899
2011-03-18,4706635.665758446
2011-03-25,4703161.526691068
2011-04-01,4731317.801484718
2011-04-08,4733326.198258014
2011-04-15,4804211.151679835
2011-04-22,4882293.208624445
2011-04-29,4924539.455416564
2011-05-06,5055605.6970972195
2011-05-13,4986672.233387525
2011-05-20,5022665.816440376
2011-05-27,4924047.916059558
2011-06-03,4870106.710787789
2011-06-10,4825789.994765942
2011-06-17,4967390.222762777
2011-06-24,5068522.393627911
2011-07-01,5200970.531337001
2011-07-08,5087682.075839205
2011-07-15,5096532.723810383
2011-07-22,4914845.029498686
2011-07-29,4630080.36793472
2011-08-05,4672248.375825369
2011-08-12,4645693.362609096
2011-08-19,4772806.585305826
2011-08-26,4957314.389167883
2011-09-02,4966052.942729376
2011-09-09,5138421.326869799
2011-09-16,4983661.355200872
2011-09-23,5038665.833678988
2011-09-30,5083056.075893191
2011-10-07,5226225.824062808
2011-10-14,5274745.613373328
2011-10-21,5484085.555894668
2011-10-28,5448785.584215029
2011-11-04,5435692.883332591
2011-11-11,5380015.580623633
2011-11-18,5252995.198912107
2011-11-25,5563506.17031292
2011-12-02,5546121.322477673
2011-12-09,5536128.295003555
2011-12-16,5660534.893672398
2011-12-23,5730968.616873174
2011-12-30,5788606.668192501
2012-01-06,5875157.88945075
2012-01-13,5988258.758535882
2012-01-20,5987195.088219385
2012-01-27,5991233.969312893
2012-02-03,6094110.083142896
2012-02-10,6103372.492536701
2012-02-17,6179479.991336333
2012-02-24,6324241.374652744
2012-03-02,6402095.431465285
2012-03-09,6502468.979722111
2012-03-16,6543937.321459834
2012-03-23,6568949.193201451
2012-03-30,6689216.878516114
2012-04-06,6678262.700690085
2012-04-13,6724169.9098428385
2012-04-20,6897907.508067552
2012-04-27,6993237.738297401
2012-05-04,6851464.440483881
2012-05-11,6576633.12690071
2012-05-18,6713311.879769155
2012-05-25,6775134.92459782
2012-06-01,6768934.726205465
2012-06-08,6824570.477544644
2012-06-15,6814649.437071689
2012-06-22,6478364.041556623
2012-06-29,6747654.533091653
2012-07-06,6801763.88803386
2012-07-13,6912313.523567276
2012-07-20,6749740.315939473
2012-07-27,6616716.184795931
2012-08-03,6658354.483753386
2012-08-10,6734470.703780118
2012-08-17,6762577.925773122
2012-08-24,6764253.453821716
2012-08-31,6832272.613576934
2012-09-07,6805378.7685280265
2012-09-14,6800791.193261495
2012-09-21,6746334.675356608
2012-09-28,6798600.330376527
2012-10-05,6609652.776050356
2012-10-12,6554033.3797959825
2012-10-19,6444559.982997876
2012-10-26,6510872.603424842
2012-11-02,6430053.625055151
2012-11-09,6398550.410533378
2012-11-16,6604121.4728552215
2012-11-23,6715956.084355653
2012-11-30,6604688.286301294
2012-12-07,6544419.4560519345
2012-12-14,6585255.235683707
2012-12-21,6514258.053666513
2012-12-28,6762229.759248738
2013-01-04,6695930.863825723
2013-01-11,6783294.448275843
2013-01-18,6947698.937060691
2013-01-25,6966220.303288447
2013-02-01,7101588.923884119
2013-02-08,7133398.541446317
2013-02-15,7048680.522506653
2013-02-22,7148629.293140695
2013-03-01,7170641.493536533
2013-03-08,7234089.242303478
2013-03-15,7278796.724214047
2013-03-22,7438883.438153588
2013-03-29,7461933.773390313
2013-04-05,7580855.789485377
2013-04-12,7336178.366863433
2013-04-19,7635344.368032883
2013-04-26,7705224.71030716
2013-05-03,7839028.9209677605
2013-05-10,7897458.059359265
2013-05-17,7877207.171872696
2013-05-24,7832917.298254324
2013-05-31,7739716.492802984
2013-06-07,7893693.943109812
2013-06-14,7721089.937373002
2013-06-21,7862819.625717649
2013-06-28,7960813.371806893
2013-07-05,8236667.898552986
2013-07-12,8207384.298637831
2013-07-19,8254462.393111724
2013-07-26,8504928.037362617
2013-08-02,8322204.026852714
2013-08-09,8091734.704066873
2013-08-16,8262414.7093720585
2013-08-23,8169845.516240718
2013-08-30,8235555.258684186
2013-09-06,8391897.230923649
2013-09-13,8606404.59982843
2013-09-20,8551157.316204883
2013-09-27,8521159.0336692
2013-10-04,8561553.105678253
2013-10-11,8816670.00005059
2013-10-18,8819579.896324158
2013-10-25,8914157.33491021
2013-11-01,8891038.596466545
2013-11-08,9201089.25209917
2013-11-15,9175568.881496765
2013-11-22,9089071.25430598
2013-11-29,8898157.19846704
2013-12-06,8878897.886639839
2013-12-13,9079085.03919504
2013-12-20,9191860.591159085
2013-12-27,9137716.108569838
