Date,SPY
2000-01-07,1000000.0
2000-01-14,998275.9289553753
2000-01-21,967241.4745728071
2000-01-28,987499.7291969063
2000-02-04,976292.9315270389
2000-02-11,953663.3654719926
2000-02-18,922844.8818047359
2000-02-25,955387.1846067628
2000-03-03,971551.4002745146
2000-03-10,1009266.923849834
2000-03-17,1055477.0996308513
2000-03-24,1028037.062993082
2000-03-31,1040460.2493806796
2000-04-07,997355.6182867072
2000-04-14,994330.6007831708
2000-04-21,1009455.184481144
2000-04-28,980502.8490164852
2000-05-05,976829.5834872082
2000-05-12,991306.1710692951
2000-05-19,953062.3925289583
2000-05-26,1004701.981405358
2000-06-02,1015721.3581434313
2000-06-09,1024364.2173135625
2000-06-16,1009233.5038091287
2000-06-23,999270.6370010905
2000-06-30,1010099.5698891145
2000-07-07,1038037.7162793048
2000-07-14,1043884.9638534549
2000-07-21,1007500.6998895459
2000-07-28,1009016.6094243509
2000-08-04,1016813.1354531045
2000-08-11,1040852.473024233
2000-08-18,1048649.7547825507
2000-08-25,1055796.941176194
2000-09-01,1045400.453538502
2000-09-08,1037063.1610219545
2000-09-15,991359.7438983654
2000-09-22,1007426.38648245
2000-09-29,1001781.3385515619
2000-10-06,924921.5426757965
2000-10-13,967910.7150864278
2000-10-20,949672.8614658702
2000-10-27,991467.8132259727
2000-11-03,972904.8279531266
2000-11-10,954449.4921581303
2000-11-17,918082.442034283
2000-11-24,919059.0965404211
2000-12-01,928612.3579249412
2000-12-08,933823.5331163214
2000-12-15,885943.9507291195
2000-12-22,931896.1708190647
2000-12-29,930698.4234305721
2001-01-05,921661.1573981474
2001-01-12,939301.0609939254
2001-01-19,948012.439644498
2001-01-26,961245.2643046591
2001-02-02,927723.7878979483
2001-02-09,929256.5753930088
2001-02-16,876779.8900698983
2001-02-23,868346.9557785685
2001-03-02,885909.355109093
2001-03-09,820120.9973413433
2001-03-16,776488.950981869
2001-03-23,806956.2723118657
2001-03-30,803951.4915666458
2001-04-06,830505.2253661131
2001-04-13,878022.3934425514
2001-04-20,864535.9795287976
2001-04-27,874947.8336676178
2001-05-04,880608.248099634
2001-05-11,902479.8174023022
2001-05-18,905833.9131458485
2001-05-25,880118.6193123163
2001-06-01,895771.9617950156
2001-06-08,852517.1084577726
2001-06-15,867695.8527744764
2001-06-22,855992.3728413634
2001-06-29,852699.3232525727
2001-07-06,849265.036205324
2001-07-13,855431.8734149622
2001-07-20,843378.6586337653
2001-07-27,859216.6510398587
2001-08-03,833077.4768910495
2001-08-10,831465.8416115111
2001-08-17,817099.6745156739
2001-08-24,794114.6636558401
2001-08-31,776244.682392895
2001-09-07,771199.599765623
2001-09-14,691731.8231505493
2001-09-21,719368.4754298044
2001-09-28,755734.4339442819
2001-10-05,773741.0343183513
2001-10-12,755593.7003055331
2001-10-19,777750.7674433719
2001-10-26,763260.324819284
2001-11-02,792029.6897595789
2001-11-09,807996.4920713053
2001-11-16,802158.8170716285
2001-11-23,807996.4920713053
2001-11-30,825370.6307705201
2001-12-07,788231.3929724876
2001-12-14,806449.6815943408
2001-12-21,819175.2437773647
2001-12-28,824680.9855586798
2002-01-04,819316.3132959197
2002-01-11,802306.4362464021
2002-01-18,801670.9516532928
2002-01-25,798847.7139432608
2002-02-01,762427.0909903434
2002-02-08,790942.6147671908
2002-02-15,764403.4077693366
2002-02-22,784519.6692054141
2002-03-01,822281.0403742642
2002-03-08,817904.5265010006
2002-03-15,816071.7143691564
2002-03-22,810621.3087858936
2002-03-29,797526.0269063236
2002-04-05,782802.8195766201
2002-04-12,796110.1255837801
2002-04-19,774875.132483591
2002-04-26,769849.3629451689
2002-05-03,762700.2452426405
2002-05-10,781174.8101565351
2002-05-17,779334.608668957
2002-05-24,757391.161087787
2002-05-31,732333.8557943717
2002-06-07,718814.0218399126
2002-06-14,716407.2750894238
2002-06-21,706270.7584216404
2002-06-28,678426.9102870077
2002-07-05,659673.8590288942
2002-07-12,623660.7422507071
2002-07-19,596668.6433193254
2002-07-26,630622.4390214412
2002-08-02,646035.7533977181
2002-08-09,664148.8696552917
2002-08-16,686737.5003589715
2002-08-23,654488.4206276552
2002-08-30,630622.4390214412
2002-09-06,635381.0161741241
2002-09-13,601640.8400286775
2002-09-20,611687.2569384791
2002-09-27,587285.4630716108
2002-10-04,575298.5845521153
2002-10-11,629810.0717254533
2002-10-18,630452.1479597569
2002-10-25,631593.9293755608
2002-11-01,647576.4760531974
2002-11-08,647362.5626016981
2002-11-15,671335.8997909316
2002-11-22,672691.888553065
2002-11-29,652356.7174533728
2002-12-06,647647.5986021354
2002-12-13,636160.2153392612
2002-12-20,640935.8803770789
2002-12-27,652981.2859527844
2003-01-03,665457.4153948158
2003-01-10,659793.0123901023
2003-01-17,636060.0811720727
2003-01-24,605371.9608545521
2003-01-31,605515.2555768224
2003-02-07,590457.9318100176
2003-02-14,604654.7315136374
2003-02-21,604726.5258221875
2003-02-28,593326.4293239194
2003-03-07,601285.1013290596
2003-03-14,632044.8480152276
2003-03-21,627394.2982051759
2003-03-28,631353.6493592841
2003-04-04,629985.9048039377
2003-04-11,644743.6237837162
2003-04-18,657702.0766272831
2003-04-25,661589.2556080591
2003-05-02,665548.8166870461
2003-05-09,684698.332071265
2003-05-16,673611.6114320722
2003-05-23,686930.0014728329
2003-05-30,717381.7463768225
2003-06-06,724292.8092667895
2003-06-13,720045.5251489165
2003-06-20,713832.0846161844
2003-06-27,713398.2958466278
2003-07-04,717444.220020754
2003-07-11,711664.5682575782
2003-07-18,711592.0182194641
2003-07-25,718094.9031750886
2003-08-01,708051.9290332993
2003-08-08,717516.8540288195
2003-08-15,728064.8234590549
2003-08-22,727993.1131204561
2003-08-29,747139.2697066141
2003-09-05,738830.443003632
2003-09-12,755737.037012779
2003-09-19,727306.070977113
2003-09-26,743044.4750207028
2003-10-03,756317.1854078362
2003-10-10,764512.6526762651
2003-10-17,749572.0471420742
2003-10-24,764440.2705780542
2003-10-31,771693.2591106138
2003-11-07,771403.058958158
2003-11-14,752690.775111508
2003-11-21,771475.6089962719
2003-11-28,780396.3247359858
2003-12-05,782789.7202641829
2003-12-12,795772.146528909
2003-12-19,798803.377808858
2003-12-26,810900.4249047487
2004-01-02,826203.1088698971
2004-01-09,829117.5379472806
2004-01-16,836550.5580559009
2004-01-23,826931.6321692915
2004-01-30,824745.6424213508
2004-02-06,842744.2656500257
2004-02-13,839683.6448870444
2004-02-20,837570.4570870723
2004-02-27,845221.883039598
2004-03-05,809734.2502180281
2004-03-12,823943.9812941819
2004-03-19,811695.536375699
2004-03-26,832023.9898792697
2004-04-02,836338.7858381653
2004-04-09,826027.6956411701
2004-04-16,835461.0479349185
2004-04-23,817765.0524115247
2004-04-30,817618.5248461209
2004-05-07,804309.959289688
2004-05-14,801604.0276019308
2004-05-21,825370.2948907139
2004-05-28,819665.8802041007
2004-06-04,836192.3422427131
2004-06-11,832389.9309279973
2004-06-18,839538.2089310104
2004-06-25,828896.529034878
2004-07-02,817887.816480648
2004-07-09,813190.5373925752
2004-07-16,806438.3456508856
2004-07-23,811502.2375472982
2004-07-30,795576.1606620594
2004-08-06,785154.5660088629
2004-08-13,805190.300261432
2004-08-20,815392.2295214502
2004-08-27,826254.1626004217
2004-09-03,825520.1812541786
2004-09-10,830363.9879076552
2004-09-17,817680.9984900524
2004-09-24,823650.6742535196
2004-10-01,836105.265402986
2004-10-08,815396.1761091717
2004-10-15,819818.117726208
2004-10-22,834410.5838413936
2004-10-29,858951.3899630045
2004-11-05,868606.0870489617
2004-11-12,875091.7581645243
2004-11-19,875467.691637483
2004-11-26,882046.0655795245
2004-12-03,881159.0909816104
2004-12-10,892985.3349838466
2004-12-17,896907.1515696251
2004-12-24,899580.754826047
2004-12-31,880865.7839409483
2005-01-07,873513.2910158365
2005-01-14,872622.2018902979
2005-01-21,872102.2599504812
2005-01-28,883464.8218804197
2005-02-04,889257.4050161298
2005-02-11,892897.1665347498
2005-02-18,892970.7242122821
2005-02-25,900248.9877002494
2005-03-04,900397.5305444896
2005-03-11,886435.3428854191
2005-03-18,873365.6718410631
2005-03-25,879479.3560713886
2005-04-01,889022.4570917747
2005-04-08,863151.1470883167
2005-04-15,864940.6307251762
2005-04-22,851445.6518763674
2005-04-29,875751.34213372
2005-05-06,864493.2388234735
2005-05-13,889395.45161643
2005-05-20,895061.8279150043
2005-05-27,900355.2096889232
2005-06-03,898267.7166941165
2005-06-10,905126.9701239951
2005-06-17,897252.1001304726
2005-06-24,892161.6737293793
2005-07-01,897925.5391416693
2005-07-08,920084.4536184416
2005-07-15,918661.3308800672
2005-07-22,932510.5789543423
2005-07-29,926147.5879379516
2005-08-05,926895.9281459048
2005-08-12,914693.918610613
2005-08-19,910202.2819338146
2005-08-26,916939.5270241335
2005-09-02,924500.4333689199
2005-09-09,921880.4869115197
2005-09-16,912197.5759218514
2005-09-23,922120.9768526752
2005-09-30,896109.8568799353
2005-10-07,882803.5585121935
2005-10-14,884607.6529206177
2005-10-21,887840.160174362
2005-10-28,919188.9140854724
2005-11-04,927233.1514712123
2005-11-11,937006.0782489108
2005-11-18,954973.5486255715
2005-11-25,952417.3353613756
2005-12-02,947230.0916061789
2005-12-09,958055.4977562389
2005-12-16,957465.86075666
2005-12-23,946129.9173013535
2005-12-30,962680.562686004
2006-01-06,973412.3423401183
2006-01-13,969709.1835081
2006-01-20,962529.5007432181
2006-01-27,959053.228720209
2006-02-03,955349.650038433
2006-02-10,976133.4725891008
2006-02-17,975528.2171785391
2006-02-24,977644.9317164752
2006-03-03,962680.562686004
2006-03-10,990266.1192497587
2006-03-17,987223.3001165
2006-03-24,984871.3017744026
2006-03-31,992989.5166874324
2006-04-07,976600.6813993626
2006-04-14,994962.5586383163
2006-04-21,994204.0580662291
2006-04-28,996707.7061407728
2006-05-05,993596.5354669762
2006-05-12,957631.1136212528
2006-05-19,969164.7223424392
2006-05-26,976752.4151017606
2006-06-02,954141.0705261943
2006-06-09,956948.3539454374
2006-06-16,948527.259417272
2006-06-23,969942.6199733277
2006-06-30,971238.6961750512
2006-07-07,945021.5139412791
2006-07-14,951346.8024494371
2006-07-21,965675.0990971384
2006-07-28,978707.0676332616
2006-08-04,970704.8991932336
2006-08-11,990976.7569494792
2006-08-18,988080.9692013332
2006-08-25,995626.0891952337
2006-09-01,990062.6600572239
2006-09-08,1007743.6249592955
2006-09-15,1009419.8331315536
2006-09-22,1023351.4557282706
2006-09-29,1034756.9263034364
2006-10-06,1043176.929222232
2006-10-13,1047233.853460007
2006-10-20,1062313.6811738194
2006-10-27,1047003.8597627918
2006-11-03,1057721.0286453413
2006-11-10,1074561.1184528838
2006-11-17,1078694.3713765915
2006-11-24,1075709.2396000277
2006-12-01,1080531.885825721
2006-12-08,1095534.7130939888
2006-12-15,1090092.536565975
2006-12-22,1094634.3872737829
2006-12-29,1090477.3708537947
2007-01-05,1094249.6369559148
2007-01-12,1097174.8141870927
2007-01-19,1095019.1375916512
2007-01-26,1113107.8605783076
2007-02-02,1116263.7872362654
2007-02-09,1122267.6387700012
2007-02-16,1122806.3060090072
2007-02-23,1081548.9298785408
2007-03-02,1083319.4363063567
2007-03-09,1073543.570580355
2007-03-16,1106472.2191293293
2007-03-23,1097121.1573880708
2007-03-30,1114663.1520203757
2007-04-06,1117909.178436315
2007-04-13,1137769.8353399632
2007-04-20,1156470.9511830609
2007-04-27,1161880.5473698848
2007-05-04,1155930.1846952671
2007-05-11,1169221.872291444
2007-05-18,1167367.0600323016
2007-05-25,1184831.9702491104
2007-06-01,1152220.8120868364
2007-06-08,1181277.1863214292
2007-06-15,1179538.9243549975
2007-06-22,1167121.1120442972
2007-06-29,1181091.2768487625
2007-07-06,1198243.4829661075
2007-07-13,1203520.5745694318
2007-07-20,1148805.1663688251
2007-07-27,1145545.0330010308
2007-08-03,1128392.5749738307
2007-08-10,1102858.9081454382
2007-08-17,1137162.8165604193
2007-08-24,1134291.2121583116
2007-08-31,1149658.6369560827
2007-09-07,1155712.1987011195
2007-09-14,1181867.2431707657
2007-09-21,1193790.3045271058
2007-09-28,1201042.3693901983
2007-10-05,1212349.595122085
2007-10-12,1198469.278165747
2007-10-19,1184042.5687348635
2007-10-26,1177726.181041567
2007-11-02,1147548.4720743652
2007-11-09,1134915.276838014
2007-11-16,1104815.1561060178
2007-11-23,1147704.9080940485
2007-11-30,1177024.7800365135
2007-12-07,1162364.1303206931
2007-12-14,1144741.2726250736
2007-12-21,1157636.6220500728
2007-12-28,1135607.944968109
2008-01-04,1107622.1876154062
2008-01-11,1046004.7013096459
2008-01-18,1058233.749169327
2008-01-25,1076891.7884272952
2008-02-01,1049924.1667367816
2008-02-08,1059645.2840543918
2008-02-15,1056666.1981143372
2008-02-22,1072971.9871203532
2008-02-29,1027425.2579263017
2008-03-07,1032049.9869762604
2008-03-14,1035421.6324396748
2008-03-21,1046062.1367564859
2008-03-28,1079623.163010363
2008-04-04,1071587.658499581
2008-04-11,1079702.178734744
2008-04-18,1089707.5343382522
2008-04-25,1111765.5169332963
2008-05-02,1096324.8703377994
2008-05-09,1122874.6575495452
2008-05-16,1099082.275605839
2008-05-23,1102942.458247201
2008-05-30,1109087.3792994923
2008-06-06,1059218.6327307145
2008-06-13,1058982.5931969895
2008-06-20,1015269.5158342978
2008-06-27,1000067.7637508772
2008-07-04,992071.389237504
2008-07-11,991279.4686247116
2008-07-18,993733.9103076643
2008-07-25,1004184.8104739415
2008-08-01,1005610.2843709585
2008-08-08,1025641.6521860486
2008-08-15,1011865.1220897905
2008-08-22,1030787.6666950486
2008-08-29,982015.8196029867
2008-09-05,993733.9103076643
2008-09-12,950662.1954346881
2008-09-19,961898.5505274908
2008-09-26,890705.5508000574
2008-10-03,722279.7976189817
2008-10-10,746727.6490042591
2008-10-17,730163.7363672685
2008-10-24,766874.9793223995
2008-10-31,723554.1256032612
2008-11-07,726022.8421779723
2008-11-14,600838.1712620903
2008-11-21,708503.351492675
2008-11-28,679277.6518508404
2008-12-05,700301.3345680274
2008-12-12,711051.2517316702
2008-12-19,695710.0255587738
2008-12-26,724450.588805697
2009-01-02,730872.946577813
2009-01-09,677566.5961487014
2009-01-16,664320.336296297
2009-01-23,678770.8931934126
2009-01-30,678931.4017557445
2009-02-06,671626.1419283632
2009-02-13,627632.3530177373
2009-02-20,607080.3295182425
2009-02-27,552329.2760732158
2009-03-06,606117.1941742991
2009-03-13,633733.5257252863
2009-03-20,671985.8692006783
2009-03-27,674573.1933319126
2009-04-03,693816.7550618346
2009-04-10,699395.8865807789
2009-04-17,690259.4100506322
2009-04-24,706834.4487061994
2009-05-01,734648.9073577998
2009-05-08,723167.1920666534
2009-05-15,721307.6774902255
2009-05-22,735134.1697076384
2009-05-29,764322.376766119
2009-06-05,766667.237662337
2009-06-12,745644.94044935
2009-06-19,748718.8284646715
2009-06-26,730260.6376913234
2009-07-03,716925.7055701131
2009-07-10,757093.5715795973
2009-07-17,794090.7322196567
2009-07-24,802302.9934783897
2009-07-31,812223.2875210071
2009-08-07,825883.2673245544
2009-08-14,821167.2629372923
2009-08-21,840763.5824335533
2009-08-28,818402.4683135189
2009-09-04,852065.7699683483
2009-09-11,871336.6219325147
2009-09-18,857921.5824775535
2009-09-25,841255.0585598046
2009-10-02,870993.5207106008
2009-10-09,896319.7817587372
2009-10-16,893215.4966209652
2009-10-23,871320.0798520651
2009-10-30,872954.0511387081
2009-11-06,890764.833585831
2009-11-13,897218.6800897672
2009-11-20,909964.1431513015
2009-11-27,901793.8668683289
2009-12-04,903918.474581708
2009-12-11,900159.8955816858
2009-12-18,923898.4527864673
2009-12-25,915355.937708403
2010-01-01,937943.9386374465
2010-01-08,944021.8516684241
2010-01-15,917491.2935755766
2010-01-22,891782.1295485053
2010-01-29,874286.4023594885
2010-02-05,888167.7269552444
2010-02-12,911002.5155718076
2010-02-19,909030.817140148
2010-02-26,925212.16267801
2010-03-05,948293.5710421897
2010-03-12,961353.2496623149
2010-03-19,962095.7119736617
2010-03-26,971580.7057875954
2010-04-02,979580.6910088839
2010-04-09,1000365.5211989701
2010-04-16,998138.3022048326
2010-04-23,996818.7144166834
2010-04-30,931496.8097296319
2010-05-07,956652.4438362782
2010-05-14,886959.2314129573
2010-05-21,913516.7438602431
2010-05-28,913104.5353682275
2010-06-04,900237.9876366003
2010-06-11,924898.6188790314
2010-06-18,890184.5172508708
2010-06-25,851567.4083060725
2010-07-02,888030.268144605
2010-07-09,908913.3431779705
2010-07-16,907090.1875905511
2010-07-23,913968.2502895704
2010-07-30,935182.7547215885
2010-08-06,900212.1248915318
2010-08-13,893996.5851100115
2010-08-20,872036.427508489
2010-08-27,907172.8979927991
2010-09-03,919188.8301155207
2010-09-10,936840.0696547542
2010-09-17,937273.3546046015
2010-09-24,950853.3950143008
2010-10-01,965516.3119188125
2010-10-08,978596.7311169632
2010-10-15,984178.6336443077
2010-10-22,986428.1886455496
2010-10-29,1018587.0846489324
2010-11-05,1013421.3372013252
2010-11-12,999424.8898020341
2010-11-19,1001424.382287647
2010-11-26,1021086.5342259003
2010-12-03,1031084.1645938684
2010-12-10,1039915.2843953094
2010-12-17,1051916.8576563213
2010-12-24,1052922.1459159283
2010-12-31,1066908.181041231
2011-01-07,1075116.1598324364
2011-01-14,1072687.077074843
2011-01-21,1088683.520779456
2011-01-28,1095300.352959294
2011-02-04,1108197.8016330812
2011-02-11,1124361.6814210268
2011-02-18,1096556.2915241905
2011-02-25,1117829.1550725156
2011-03-04,1088264.762631222
2011-03-11,1070760.8903569074
2011-03-18,1101067.5771696449
2011-03-25,1115283.102172454
2011-04-01,1121423.656787266
2011-04-08,1106619.1665444905
2011-04-15,1125292.824213441
2011-04-22,1144891.8307481504
2011-04-29,1123862.7319690906
2011-05-06,1136227.895120187
2011-05-13,1132863.051222846
2011-05-20,1118731.832051364
2011-05-27,1108049.0068789863
2011-06-03,1088450.504163986
2011-06-10,1070786.1653123153
2011-06-17,1084548.0006670575
2011-06-24,1115571.2870460732
2011-07-01,1144227.6284316208
2011-07-08,1106779.885031701
2011-07-15,1136873.3721375274
2011-07-22,1100778.3006866558
2011-07-29,1016583.9814554041
2011-08-05,991815.9526449781
2011-08-12,967978.3948673535
2011-08-19,982939.9089194731
2011-08-26,1022332.4803665659
2011-09-02,1006271.2118593784
2011-09-09,1026474.2982253288
2011-09-16,958965.8999706273
2011-09-23,986071.5682614408
2011-09-30,989810.1624130008
2011-10-07,1023967.5432625785
2011-10-14,1033739.2944609555
2011-10-21,1092963.049358713
2011-10-28,1072740.0621142525
2011-11-04,1056341.0664620488
2011-11-11,1037563.0341433579
2011-11-18,990404.6696697681
2011-11-25,1061864.0220834254
2011-12-02,1053197.1475071588
2011-12-09,1038157.6253700766
2011-12-16,1071163.6942143529
2011-12-23,1078432.1332179923
2011-12-30,1094849.8541693855
2012-01-06,1107419.3162125319
2012-01-13,1124093.3134559663
2012-01-20,1127684.8762224137
2012-01-27,1134525.6562629575
2012-02-03,1157441.727792593
2012-02-10,1163342.044376104
2012-02-17,1168301.3097129217
2012-02-24,1177707.707652232
2012-03-02,1171806.6353391574
2012-03-09,1203274.8784912818
2012-03-16,1195493.2991138988
2012-03-23,1204339.449536662
2012-03-30,1200560.1299586147
2012-04-06,1191972.1031668258
2012-04-13,1182782.8515221486
2012-04-20,1203738.5605635794
2012-04-27,1195922.721445976
2012-05-04,1168182.4082615685
2012-05-11,1123866.9304666664
2012-05-18,1138209.5859760777
2012-05-25,1129105.8997119998
2012-06-01,1134087.0812061646
2012-06-08,1146282.6250551892
2012-06-15,1143329.6537700577
2012-06-22,1146351.4804154362
2012-06-29,1180882.4435793299
2012-07-06,1152567.1881368596
2012-07-13,1188997.8035140082
2012-07-20,1175530.534749201
2012-07-27,1179587.7948667826
2012-08-03,1213860.2145499438
2012-08-10,1225773.4514219556
2012-08-17,1214291.9880406638
2012-08-24,1212824.277258032
2012-08-31,1241139.95255026
2012-09-07,1265484.436925215
2012-09-14,1266520.206277224
2012-09-21,1255315.4238861932
2012-09-28,1268247.5521499582
2012-10-05,1244206.535179799
2012-10-12,1265556.986963329
2012-10-19,1227456.4611602868
2012-10-26,1239607.3329951023
2012-11-02,1198035.1535163845
2012-11-09,1177726.5169213726
2012-11-16,1210272.5144012668
2012-11-23,1233444.9461928946
2012-11-30,1232229.733054486
2012-12-07,1237871.1702774586
2012-12-14,1259481.4250909942
2012-12-21,1237298.66314799
2012-12-28,1273745.820605588
2013-01-04,1285545.6980430468
2013-01-11,1293586.9964804833
2013-01-18,1305911.518175044
2013-01-25,1308446.151161699
2013-02-01,1319458.9782435533
2013-02-08,1331083.7783320914
2013-02-15,1314738.523448861
2013-02-22,1325140.049283644
2013-03-01,1352847.0263972979
2013-03-08,1369890.9112771812
2013-03-15,1355176.940642145
2013-03-22,1375457.1114235914
2013-03-29,1368346.535928811
2013-04-05,1397581.3463103855
2013-04-12,1353245.79969707
2013-04-19,1391698.8313565967
2013-04-26,1402497.703001976
2013-05-03,1429977.037577057
2013-05-10,1451574.109108204
2013-05-17,1452539.5956107897
2013-05-24,1455875.553844808
2013-05-31,1428660.220797308
2013-06-07,1441652.8913961197
2013-06-14,1399424.822626073
2013-06-21,1421657.2947803773
2013-06-28,1423421.1675820232
2013-07-05,1477789.1920931877
2013-07-12,1490409.7078668592
2013-07-19,1490939.3903210524
2013-07-26,1506207.6466060772
2013-08-02,1498617.9385679192
2013-08-09,1468433.4280346448
2013-08-16,1465609.3506250975
2013-08-23,1448928.3838756867
2013-08-30,1464726.9943745171
2013-09-06,1491115.39133944
2013-09-13,1524742.1660653579
2013-09-20,1504946.7538140411
2013-09-27,1486588.4033130512
2013-10-04,1500335.4599563254
2013-10-11,1536254.110539052
2013-10-18,1553370.7133969523
2013-10-25,1559046.5783000484
2013-11-01,1551419.5876034154
2013-11-08,1589910.5736810293
2013-11-15,1595586.6065240286
2013-11-22,1606317.1266288701
2013-11-29,1586983.3811710149
2013-12-06,1579799.9197583143
2013-12-13,1609598.6723343024
2013-12-20,1639470.4787681138
2013-12-27,1631088.7661472117
