Date,VIX
1990-01-05,20.110000610351562
1990-01-12,24.639999389648438
1990-01-19,22.5
1990-01-26,26.280000686645508
1990-02-02,24.31999969482422
1990-02-09,23.690000534057617
1990-02-16,20.780000686645508
1990-02-23,23.690000534057617
1990-03-02,21.34000015258789
1990-03-09,20.299999237060547
1990-03-16,17.6200008392334
1990-03-23,20.459999084472656
1990-03-30,19.729999542236328
1990-04-06,21.760000228881836
1990-04-13,19.799999237060547
1990-04-20,23.329999923706055
1990-04-27,22.190000534057617
1990-05-04,17.280000686645508
1990-05-11,19.809999465942383
1990-05-18,17.200000762939453
1990-05-25,17.31999969482422
1990-06-01,17.09000015258789
1990-06-08,17.579999923706055
1990-06-15,15.899999618530273
1990-06-22,19.360000610351562
1990-06-29,15.5
1990-07-06,16.40999984741211
1990-07-13,17.09000015258789
1990-07-20,15.630000114440918
1990-07-27,21.1200008392334
1990-08-03,28.739999771118164
1990-08-10,25.75
1990-08-17,27.530000686645508
1990-08-24,33.93000030517578
1990-08-31,29.899999618530273
1990-09-07,28.729999542236328
1990-09-14,30.559999465942383
1990-09-21,30.040000915527344
1990-09-28,29.110000610351562
1990-10-05,27.850000381469727
1990-10-12,31.940000534057617
1990-10-19,27.860000610351562
1990-10-26,30.75
1990-11-02,30.030000686645508
1990-11-09,26.959999084472656
1990-11-16,21.34000015258789
1990-11-23,20.979999542236328
1990-11-30,22.15999984741211
1990-12-07,22.59000015258789
1990-12-14,23.850000381469727
1990-12-21,22.65999984741211
1990-12-28,25.049999237060547
1991-01-04,27.190000534057617
1991-01-11,32.630001068115234
1991-01-18,25.389999389648438
1991-01-25,22.200000762939453
1991-02-01,21.040000915527344
1991-02-08,23.3799991607666
1991-02-15,19.56999969482422
1991-02-22,21.010000228881836
1991-03-01,21.229999542236328
1991-03-08,20.809999465942383
1991-03-15,14.899999618530273
1991-03-22,16.489999771118164
1991-03-29,16.8799991607666
1991-04-05,17.6299991607666
1991-04-12,18.450000762939453
1991-04-19,15.680000305175781
1991-04-26,17.270000457763672
1991-05-03,17.239999771118164
1991-05-10,17.540000915527344
1991-05-17,16.639999389648438
1991-05-24,15.229999542236328
1991-05-31,15.930000305175781
1991-06-07,16.979999542236328
1991-06-14,15.979999542236328
1991-06-21,16.510000228881836
1991-06-28,19.549999237060547
1991-07-05,18.350000381469727
1991-07-12,18.290000915527344
1991-07-19,15.5
1991-07-26,15.449999809265137
1991-08-02,15.260000228881836
1991-08-09,15.449999809265137
1991-08-16,16.010000228881836
1991-08-23,14.40999984741211
1991-08-30,14.460000038146973
1991-09-06,16.760000228881836
1991-09-13,17.8799991607666
1991-09-20,17.079999923706055
1991-09-27,16.309999465942383
1991-10-04,15.630000114440918
1991-10-11,17.600000381469727
1991-10-18,15.869999885559082
1991-10-25,15.75
1991-11-01,15.600000381469727
1991-11-08,15.430000305175781
1991-11-15,21.18000030517578
1991-11-22,21.200000762939453
1991-11-29,20.260000228881836
1991-12-06,19.040000915527344
1991-12-13,17.8799991607666
1991-12-20,17.649999618530273
1991-12-27,15.699999809265137
1992-01-03,18.75
1992-01-10,18.450000762939453
1992-01-17,16.31999969482422
1992-01-24,16.239999771118164
1992-01-31,17.399999618530273
1992-02-07,18.510000228881836
1992-02-14,17.030000686645508
1992-02-21,16.8700008392334
1992-02-28,16.68000030517578
1992-03-06,19.75
1992-03-13,18.350000381469727
1992-03-20,16.81999969482422
1992-03-27,16.020000457763672
1992-04-03,16.719999313354492
1992-04-10,16.850000381469727
1992-04-17,14.850000381469727
1992-04-24,15.710000038146973
1992-05-01,16.610000610351562
1992-05-08,15.649999618530273
1992-05-15,14.819999694824219
1992-05-22,13.729999542236328
1992-05-29,13.859999656677246
1992-06-05,14.649999618530273
1992-06-12,14.949999809265137
1992-06-19,16.309999465942383
1992-06-26,14.670000076293945
1992-07-03,13.880000114440918
1992-07-10,13.699999809265137
1992-07-17,12.600000381469727
1992-07-24,13.369999885559082
1992-07-31,13.170000076293945
1992-08-07,13.9399995803833
1992-08-14,14.65999984741211
1992-08-21,15.010000228881836
1992-08-28,13.140000343322754
1992-09-04,12.979999542236328
1992-09-11,12.470000267028809
1992-09-18,13.739999771118164
1992-09-25,14.800000190734863
1992-10-02,17.790000915527344
1992-10-09,20.510000228881836
1992-10-16,17.010000228881836
1992-10-23,16.459999084472656
1992-10-30,16.149999618530273
1992-11-06,14.6899995803833
1992-11-13,14.609999656677246
1992-11-20,13.670000076293945
1992-11-27,12.579999923706055
1992-12-04,11.8100004196167
1992-12-11,12.34000015258789
1992-12-18,11.65999984741211
1992-12-25,11.569999694824219
1993-01-01,12.569999694824219
1993-01-08,13.770000457763672
1993-01-15,11.569999694824219
1993-01-22,11.300000190734863
1993-01-29,12.420000076293945
1993-02-05,12.899999618530273
1993-02-12,12.380000114440918
1993-02-19,15.020000457763672
1993-02-26,13.15999984741211
1993-03-05,14.079999923706055
1993-03-12,15.65999984741211
1993-03-19,13.229999542236328
1993-03-26,12.210000038146973
1993-04-02,14.5
1993-04-09,12.829999923706055
1993-04-16,11.289999961853027
1993-04-23,13.359999656677246
1993-04-30,12.420000076293945
1993-05-07,13.010000228881836
1993-05-14,14.390000343322754
1993-05-21,14.510000228881836
1993-05-28,13.470000267028809
1993-06-04,12.859999656677246
1993-06-11,12.710000038146973
1993-06-18,12.239999771118164
1993-06-25,11.25
1993-07-02,11.329999923706055
1993-07-09,10.800000190734863
1993-07-16,10.960000038146973
1993-07-23,11.319999694824219
1993-07-30,11.729999542236328
1993-08-06,12.329999923706055
1993-08-13,12.1899995803833
1993-08-20,11.619999885559082
1993-08-27,11.90999984741211
1993-09-03,11.15999984741211
1993-09-10,11.699999809265137
1993-09-17,13.390000343322754
1993-09-24,12.470000267028809
1993-10-01,11.829999923706055
1993-10-08,12.039999961853027
1993-10-15,10.869999885559082
1993-10-22,11.479999542236328
1993-10-29,11.460000038146973
1993-11-05,14.970000267028809
1993-11-12,13.329999923706055
1993-11-19,15.029999732971191
1993-11-26,13.770000457763672
1993-12-03,12.6899995803833
1993-12-10,12.600000381469727
1993-12-17,11.079999923706055
1993-12-24,9.479999542236328
1993-12-31,11.65999984741211
1994-01-07,10.960000038146973
1994-01-14,11.149999618530273
1994-01-21,11.09000015258789
1994-01-28,9.9399995803833
1994-02-04,15.25
1994-02-11,14.460000038146973
1994-02-18,14.699999809265137
1994-02-25,14.800000190734863
1994-03-04,16.0
1994-03-11,14.869999885559082
1994-03-18,13.319999694824219
1994-03-25,13.670000076293945
1994-04-01,20.450000762939453
1994-04-08,16.920000076293945
1994-04-15,15.979999542236328
1994-04-22,14.9399995803833
1994-04-29,13.770000457763672
1994-05-06,15.079999923706055
1994-05-13,14.539999961853027
1994-05-20,12.789999961853027
1994-05-27,12.489999771118164
1994-06-03,12.1899995803833
1994-06-10,12.6899995803833
1994-06-17,12.3100004196167
1994-06-24,16.719999313354492
1994-07-01,14.359999656677246
1994-07-08,13.260000228881836
1994-07-15,11.279999732971191
1994-07-22,11.220000267028809
1994-07-29,11.130000114440918
1994-08-05,12.34000015258789
1994-08-12,11.09000015258789
1994-08-19,12.829999923706055
1994-08-26,12.1899995803833
1994-09-02,11.399999618530273
1994-09-09,13.119999885559082
1994-09-16,12.800000190734863
1994-09-23,14.529999732971191
1994-09-30,14.279999732971191
1994-10-07,14.920000076293945
1994-10-14,13.319999694824219
1994-10-21,15.90999984741211
1994-10-28,14.5600004196167
1994-11-04,16.75
1994-11-11,16.5
1994-11-18,16.0
1994-11-25,17.440000534057617
1994-12-02,16.549999237060547
1994-12-09,16.040000915527344
1994-12-16,12.789999961853027
1994-12-23,11.819999694824219
1994-12-30,13.199999809265137
1995-01-06,13.130000114440918
1995-01-13,11.100000381469727
1995-01-20,12.149999618530273
1995-01-27,11.25
1995-02-03,10.979999542236328
1995-02-10,11.279999732971191
1995-02-17,11.710000038146973
1995-02-24,10.84000015258789
1995-03-03,11.449999809265137
1995-03-10,12.380000114440918
1995-03-17,11.800000190734863
1995-03-24,11.1899995803833
1995-03-31,13.369999885559082
1995-04-07,12.850000381469727
1995-04-14,11.479999542236328
1995-04-21,11.859999656677246
1995-04-28,11.75
1995-05-05,12.0600004196167
1995-05-12,11.84000015258789
1995-05-19,12.8100004196167
1995-05-26,12.199999809265137
1995-06-02,12.979999542236328
1995-06-09,12.760000228881836
1995-06-16,10.75
1995-06-23,11.119999885559082
1995-06-30,11.380000114440918
1995-07-07,11.770000457763672
1995-07-14,12.079999923706055
1995-07-21,12.369999885559082
1995-07-28,13.180000305175781
1995-08-04,13.210000038146973
1995-08-11,12.899999618530273
1995-08-18,12.029999732971191
1995-08-25,12.329999923706055
1995-09-01,11.289999961853027
1995-09-08,11.15999984741211
1995-09-15,11.579999923706055
1995-09-22,12.460000038146973
1995-09-29,12.739999771118164
1995-10-06,13.979999542236328
1995-10-13,13.670000076293945
1995-10-20,13.460000038146973
1995-10-27,14.630000114440918
1995-11-03,12.260000228881836
1995-11-10,12.970000267028809
1995-11-17,12.489999771118164
1995-11-24,11.869999885559082
1995-12-01,11.109999656677246
1995-12-08,11.119999885559082
1995-12-15,11.4399995803833
1995-12-22,11.510000228881836
1995-12-29,12.520000457763672
1996-01-05,13.579999923706055
1996-01-12,14.229999542236328
1996-01-19,12.699999809265137
1996-01-26,12.0
1996-02-02,13.229999542236328
1996-02-09,14.630000114440918
1996-02-16,15.369999885559082
1996-02-23,14.779999732971191
1996-03-01,16.719999313354492
1996-03-08,20.700000762939453
1996-03-15,16.540000915527344
1996-03-22,17.049999237060547
1996-03-29,18.8799991607666
1996-04-05,16.18000030517578
1996-04-12,17.3799991607666
1996-04-19,15.119999885559082
1996-04-26,14.75
1996-05-03,16.700000762939453
1996-05-10,15.609999656677246
1996-05-17,15.130000114440918
1996-05-24,15.539999961853027
1996-05-31,16.06999969482422
1996-06-07,16.100000381469727
1996-06-14,18.639999389648438
1996-06-21,15.800000190734863
1996-06-28,13.680000305175781
1996-07-05,16.09000015258789
1996-07-12,17.09000015258789
1996-07-19,17.260000228881836
1996-07-26,17.450000762939453
1996-08-02,16.190000534057617
1996-08-09,15.770000457763672
1996-08-16,14.8100004196167
1996-08-23,14.180000305175781
1996-08-30,17.010000228881836
1996-09-06,17.100000381469727
1996-09-13,15.199999809265137
1996-09-20,15.649999618530273
1996-09-27,16.100000381469727
1996-10-04,14.800000190734863
1996-10-11,15.069999694824219
1996-10-18,15.079999923706055
1996-10-25,17.290000915527344
1996-11-01,17.889999389648438
1996-11-08,15.779999732971191
1996-11-15,14.359999656677246
1996-11-22,14.920000076293945
1996-11-29,17.139999389648438
1996-12-06,18.81999969482422
1996-12-13,21.09000015258789
1996-12-20,18.850000381469727
1996-12-27,19.1299991607666
1997-01-03,19.1299991607666
1997-01-10,19.6299991607666
1997-01-17,18.6299991607666
1997-01-24,19.329999923706055
1997-01-31,19.469999313354492
1997-02-07,18.899999618530273
1997-02-14,19.18000030517578
1997-02-21,20.549999237060547
1997-02-28,21.100000381469727
1997-03-07,19.31999969482422
1997-03-14,19.809999465942383
1997-03-21,19.690000534057617
1997-03-28,20.5
1997-04-04,19.229999542236328
1997-04-11,19.760000228881836
1997-04-18,18.75
1997-04-25,21.149999618530273
1997-05-02,17.510000228881836
1997-05-09,20.110000610351562
1997-05-16,21.56999969482422
1997-05-23,18.079999923706055
1997-05-30,19.190000534057617
1997-06-06,18.940000534057617
1997-06-13,19.270000457763672
1997-06-20,20.200000762939453
1997-06-27,21.219999313354492
1997-07-04,17.81999969482422
1997-07-11,19.059999465942383
1997-07-18,22.280000686645508
1997-07-25,20.81999969482422
1997-08-01,22.290000915527344
1997-08-08,22.459999084472656
1997-08-15,24.450000762939453
1997-08-22,24.739999771118164
1997-08-29,24.760000228881836
1997-09-05,24.309999465942383
1997-09-12,25.170000076293945
1997-09-19,22.739999771118164
1997-09-26,22.260000228881836
1997-10-03,21.540000915527344
1997-10-10,19.75
1997-10-17,21.690000534057617
1997-10-24,23.170000076293945
1997-10-31,35.09000015258789
1997-11-07,36.27000045776367
1997-11-14,33.65999984741211
1997-11-21,26.649999618530273
1997-11-28,27.43000030517578
1997-12-05,22.649999618530273
1997-12-12,27.920000076293945
1997-12-19,29.18000030517578
1997-12-26,29.270000457763672
1998-01-02,23.420000076293945
1998-01-09,28.690000534057617
1998-01-16,21.649999618530273
1998-01-23,23.31999969482422
1998-01-30,21.469999313354492
1998-02-06,20.510000228881836
1998-02-13,19.84000015258789
1998-02-20,19.0
1998-02-27,18.549999237060547
1998-03-06,19.139999389648438
1998-03-13,18.709999084472656
1998-03-20,18.690000534057617
1998-03-27,23.469999313354492
1998-04-03,21.81999969482422
1998-04-10,21.510000228881836
1998-04-17,20.760000228881836
1998-04-24,21.969999313354492
1998-05-01,19.34000015258789
1998-05-08,20.56999969482422
1998-05-15,20.440000534057617
1998-05-22,18.989999771118164
1998-05-29,21.31999969482422
1998-06-05,19.780000686645508
1998-06-12,22.780000686645508
1998-06-19,21.920000076293945
1998-06-26,19.360000610351562
1998-07-03,17.670000076293945
1998-07-10,17.920000076293945
1998-07-17,16.229999542236328
1998-07-24,23.010000228881836
1998-07-31,24.799999237060547
1998-08-07,27.020000457763672
1998-08-14,34.34000015258789
1998-08-21,33.13999938964844
1998-08-28,39.599998474121094
1998-09-04,43.310001373291016
1998-09-11,43.7400016784668
1998-09-18,38.630001068115234
1998-09-25,34.54999923706055
1998-10-02,40.470001220703125
1998-10-09,42.20000076293945
1998-10-16,34.81999969482422
1998-10-23,32.27000045776367
1998-10-30,28.049999237060547
1998-11-06,25.700000762939453
1998-11-13,29.030000686645508
1998-11-20,22.469999313354492
1998-11-27,22.09000015258789
1998-12-04,25.309999465942383
1998-12-11,27.719999313354492
1998-12-18,25.040000915527344
1998-12-25,21.479999542236328
1999-01-01,24.420000076293945
1999-01-08,23.280000686645508
1999-01-15,29.239999771118164
1999-01-22,31.950000762939453
1999-01-29,26.25
1999-02-05,29.670000076293945
1999-02-12,29.760000228881836
1999-02-19,29.299999237060547
1999-02-26,27.8799991607666
1999-03-05,24.079999923706055
1999-03-12,24.84000015258789
1999-03-19,24.31999969482422
1999-03-26,24.040000915527344
1999-04-02,22.059999465942383
1999-04-09,21.770000457763672
1999-04-16,23.899999618530273
1999-04-23,22.760000228881836
1999-04-30,25.06999969482422
1999-05-07,25.360000610351562
1999-05-14,26.860000610351562
1999-05-21,24.399999618530273
1999-05-28,25.389999389648438
1999-06-04,23.43000030517578
1999-06-11,25.899999618530273
1999-06-18,21.75
1999-06-25,21.760000228881836
1999-07-02,18.65999984741211
1999-07-09,17.959999084472656
1999-07-16,17.420000076293945
1999-07-23,23.31999969482422
1999-07-30,24.639999389648438
1999-08-06,26.600000381469727
1999-08-13,22.309999465942383
1999-08-20,22.950000762939453
1999-08-27,21.829999923706055
1999-09-03,20.979999542236328
1999-09-10,22.030000686645508
1999-09-17,23.299999237060547
1999-09-24,27.790000915527344
1999-10-01,24.93000030517578
1999-10-08,20.489999771118164
1999-10-15,28.75
1999-10-22,21.639999389648438
1999-10-29,22.200000762939453
1999-11-05,21.65999984741211
1999-11-12,21.649999618530273
1999-11-19,19.110000610351562
1999-11-26,22.329999923706055
1999-12-03,19.31999969482422
1999-12-10,21.479999542236328
1999-12-17,21.350000381469727
1999-12-24,21.1200008392334
1999-12-31,24.639999389648438
2000-01-07,21.719999313354492
2000-01-14,19.65999984741211
2000-01-21,20.81999969482422
2000-01-28,26.139999389648438
2000-02-04,21.540000915527344
2000-02-11,24.420000076293945
2000-02-18,26.0
2000-02-25,25.200000762939453
2000-03-03,19.209999084472656
2000-03-10,21.239999771118164
2000-03-17,22.3700008392334
2000-03-24,23.309999465942383
2000-03-31,24.110000610351562
2000-04-07,24.389999389648438
2000-04-14,33.4900016784668
2000-04-21,25.850000381469727
2000-04-28,26.200000762939453
2000-05-05,27.530000686645508
2000-05-12,26.049999237060547
2000-05-19,25.440000534057617
2000-05-26,24.469999313354492
2000-06-02,21.479999542236328
2000-06-09,22.139999389648438
2000-06-16,20.5
2000-06-23,22.34000015258789
2000-06-30,19.540000915527344
2000-07-07,19.219999313354492
2000-07-14,19.31999969482422
2000-07-21,18.940000534057617
2000-07-28,20.84000015258789
2000-08-04,18.6200008392334
2000-08-11,18.549999237060547
2000-08-18,17.049999237060547
2000-08-25,16.530000686645508
2000-09-01,17.530000686645508
2000-09-08,18.459999084472656
2000-09-15,18.520000457763672
2000-09-22,20.739999771118164
2000-09-29,20.56999969482422
2000-10-06,22.709999084472656
2000-10-13,27.600000381469727
2000-10-20,24.239999771118164
2000-10-27,26.469999313354492
2000-11-03,23.670000076293945
2000-11-10,28.530000686645508
2000-11-17,24.809999465942383
2000-11-24,26.0
2000-12-01,27.479999542236328
2000-12-08,22.40999984741211
2000-12-15,26.549999237060547
2000-12-22,27.549999237060547
2000-12-29,26.850000381469727
2001-01-05,28.670000076293945
2001-01-12,24.559999465942383
2001-01-19,23.239999771118164
2001-01-26,22.56999969482422
2001-02-02,21.950000762939453
2001-02-09,22.030000686645508
2001-02-16,22.1200008392334
2001-02-23,27.209999084472656
2001-03-02,27.43000030517578
2001-03-09,25.6200008392334
2001-03-16,29.90999984741211
2001-03-23,30.450000762939453
2001-03-30,28.639999389648438
2001-04-06,31.690000534057617
2001-04-13,26.1200008392334
2001-04-20,25.3799991607666
2001-04-27,24.020000457763672
2001-05-04,23.90999984741211
2001-05-11,23.540000915527344
2001-05-18,21.229999542236328
2001-05-25,20.600000381469727
2001-06-01,21.59000015258789
2001-06-08,19.920000076293945
2001-06-15,22.809999465942383
2001-06-22,20.020000457763672
2001-06-29,19.059999465942383
2001-07-06,21.6299991607666
2001-07-13,21.139999389648438
2001-07-20,22.34000015258789
2001-07-27,22.0
2001-08-03,19.889999389648438
2001-08-10,20.549999237060547
2001-08-17,23.84000015258789
2001-08-24,19.709999084472656
2001-08-31,24.920000076293945
2001-09-07,30.989999771118164
2001-09-14,31.84000015258789
2001-09-21,42.65999984741211
2001-09-28,31.93000030517578
2001-10-05,33.38999938964844
2001-10-12,35.27000045776367
2001-10-19,34.11000061035156
2001-10-26,28.420000076293945
2001-11-02,30.709999084472656
2001-11-09,27.440000534057617
2001-11-16,25.06999969482422
2001-11-23,23.25
2001-11-30,23.84000015258789
2001-12-07,23.489999771118164
2001-12-14,24.6299991607666
2001-12-21,22.5
2001-12-28,21.399999618530273
2002-01-04,20.450000762939453
2002-01-11,22.600000381469727
2002-01-18,22.520000457763672
2002-01-25,21.010000228881836
2002-02-01,21.1200008392334
2002-02-08,23.260000228881836
2002-02-15,22.3700008392334
2002-02-22,22.860000610351562
2002-03-01,19.959999084472656
2002-03-08,19.270000457763672
2002-03-15,18.420000076293945
2002-03-22,17.770000457763672
2002-03-29,17.399999618530273
2002-04-05,19.1299991607666
2002-04-12,19.420000076293945
2002-04-19,18.299999237060547
2002-04-26,22.139999389648438
2002-05-03,20.190000534057617
2002-05-10,22.40999984741211
2002-05-17,17.700000762939453
2002-05-24,18.899999618530273
2002-05-31,19.979999542236328
2002-06-07,23.510000228881836
2002-06-14,25.959999084472656
2002-06-21,27.229999542236328
2002-06-28,25.399999618530273
2002-07-05,27.110000610351562
2002-07-12,32.939998626708984
2002-07-19,38.16999816894531
2002-07-26,35.5099983215332
2002-08-02,41.290000915527344
2002-08-09,35.33000183105469
2002-08-16,28.809999465942383
2002-08-23,29.31999969482422
2002-08-30,32.63999938964844
2002-09-06,36.33000183105469
2002-09-13,35.81999969482422
2002-09-20,38.97999954223633
2002-09-27,36.970001220703125
2002-10-04,39.459999084472656
2002-10-11,35.70000076293945
2002-10-18,33.529998779296875
2002-10-25,30.0
2002-11-01,29.299999237060547
2002-11-08,29.40999984741211
2002-11-15,26.649999618530273
2002-11-22,23.15999984741211
2002-11-29,27.5
2002-12-06,28.8799991607666
2002-12-13,28.18000030517578
2002-12-20,26.709999084472656
2002-12-27,29.549999237060547
2003-01-03,24.68000030517578
2003-01-10,24.31999969482422
2003-01-17,25.700000762939453
2003-01-24,31.510000228881836
2003-01-31,31.170000076293945
2003-02-07,34.0099983215332
2003-02-14,32.619998931884766
2003-02-21,30.25
2003-02-28,29.6299991607666
2003-03-07,31.079999923706055
2003-03-14,30.979999542236328
2003-03-21,28.670000076293945
2003-03-28,27.75
2003-04-04,29.1299991607666
2003-04-11,24.440000534057617
2003-04-18,21.5
2003-04-25,20.799999237060547
2003-05-02,20.6299991607666
2003-05-09,19.690000534057617
2003-05-16,18.399999618530273
2003-05-23,19.170000076293945
2003-05-30,19.469999313354492
2003-06-06,21.25
2003-06-13,20.65999984741211
2003-06-20,19.139999389648438
2003-06-27,19.15999984741211
2003-07-04,19.389999389648438
2003-07-11,18.469999313354492
2003-07-18,19.110000610351562
2003-07-25,17.75
2003-08-01,20.75
2003-08-08,19.59000015258789
2003-08-15,18.270000457763672
2003-08-22,18.549999237060547
2003-08-29,18.6299991607666
2003-09-05,18.170000076293945
2003-09-12,18.68000030517578
2003-09-19,17.540000915527344
2003-09-26,22.229999542236328
2003-10-03,19.5
2003-10-10,18.450000762939453
2003-10-17,17.6200008392334
2003-10-24,17.709999084472656
2003-10-31,16.100000381469727
2003-11-07,16.93000030517578
2003-11-14,16.940000534057617
2003-11-21,18.979999542236328
2003-11-28,16.31999969482422
2003-12-05,17.09000015258789
2003-12-12,16.40999984741211
2003-12-19,16.420000076293945
2003-12-26,17.450000762939453
2004-01-02,18.219999313354492
2004-01-09,16.75
2004-01-16,15.0
2004-01-23,14.84000015258789
2004-01-30,16.6299991607666
2004-02-06,16.0
2004-02-13,15.579999923706055
2004-02-20,16.040000915527344
2004-02-27,14.550000190734863
2004-03-05,14.479999542236328
2004-03-12,18.299999237060547
2004-03-19,19.149999618530273
2004-03-26,17.329999923706055
2004-04-02,15.640000343322754
2004-04-09,16.260000228881836
2004-04-16,14.9399995803833
2004-04-23,14.010000228881836
2004-04-30,17.190000534057617
2004-05-07,18.1299991607666
2004-05-14,18.469999313354492
2004-05-21,18.489999771118164
2004-05-28,15.5
2004-06-04,16.780000686645508
2004-06-11,15.039999961853027
2004-06-18,14.989999771118164
2004-06-25,15.1899995803833
2004-07-02,15.079999923706055
2004-07-09,15.779999732971191
2004-07-16,14.34000015258789
2004-07-23,16.5
2004-07-30,15.319999694824219
2004-08-06,19.34000015258789
2004-08-13,17.979999542236328
2004-08-20,16.0
2004-08-27,14.710000038146973
2004-09-03,13.90999984741211
2004-09-10,13.760000228881836
2004-09-17,14.029999732971191
2004-09-24,14.279999732971191
2004-10-01,12.75
2004-10-08,15.050000190734863
2004-10-15,15.039999961853027
2004-10-22,15.279999732971191
2004-10-29,16.270000457763672
2004-11-05,13.84000015258789
2004-11-12,13.329999923706055
2004-11-19,13.5
2004-11-26,12.779999732971191
2004-12-03,12.960000038146973
2004-12-10,12.760000228881836
2004-12-17,11.949999809265137
2004-12-24,11.229999542236328
2004-12-31,13.289999961853027
2005-01-07,13.489999771118164
2005-01-14,12.430000305175781
2005-01-21,14.359999656677246
2005-01-28,13.239999771118164
2005-02-04,11.210000038146973
2005-02-11,11.430000305175781
2005-02-18,11.180000305175781
2005-02-25,11.489999771118164
2005-03-04,11.9399995803833
2005-03-11,12.800000190734863
2005-03-18,13.140000343322754
2005-03-25,13.420000076293945
2005-04-01,14.09000015258789
2005-04-08,12.619999885559082
2005-04-15,17.739999771118164
2005-04-22,15.380000114440918
2005-04-29,15.3100004196167
2005-05-06,14.050000190734863
2005-05-13,16.31999969482422
2005-05-20,13.140000343322754
2005-05-27,12.149999618530273
2005-06-03,12.149999618530273
2005-06-10,11.960000038146973
2005-06-17,11.479999542236328
2005-06-24,12.180000305175781
2005-07-01,11.399999618530273
2005-07-08,11.449999809265137
2005-07-15,10.329999923706055
2005-07-22,10.520000457763672
2005-07-29,11.569999694824219
2005-08-05,12.479999542236328
2005-08-12,12.739999771118164
2005-08-19,13.420000076293945
2005-08-26,13.720000267028809
2005-09-02,13.569999694824219
2005-09-09,11.979999542236328
2005-09-16,11.220000267028809
2005-09-23,12.960000038146973
2005-09-30,11.920000076293945
2005-10-07,14.59000015258789
2005-10-14,14.869999885559082
2005-10-21,16.1299991607666
2005-10-28,14.25
2005-11-04,13.170000076293945
2005-11-11,11.630000114440918
2005-11-18,11.119999885559082
2005-11-25,10.880000114440918
2005-12-02,11.010000228881836
2005-12-09,11.6899995803833
2005-12-16,10.680000305175781
2005-12-23,10.270000457763672
2005-12-30,12.069999694824219
2006-01-06,11.0
2006-01-13,11.229999542236328
2006-01-20,14.5600004196167
2006-01-27,11.970000267028809
2006-02-03,12.960000038146973
2006-02-10,12.869999885559082
2006-02-17,12.010000228881836
2006-02-24,11.460000038146973
2006-03-03,11.960000038146973
2006-03-10,11.850000381469727
2006-03-17,12.119999885559082
2006-03-24,11.1899995803833
2006-03-31,11.390000343322754
2006-04-07,12.260000228881836
2006-04-14,12.380000114440918
2006-04-21,11.59000015258789
2006-04-28,11.59000015258789
2006-05-05,11.619999885559082
2006-05-12,14.1899995803833
2006-05-19,17.18000030517578
2006-05-26,14.260000228881836
2006-06-02,14.319999694824219
2006-06-09,18.1200008392334
2006-06-16,17.25
2006-06-23,15.890000343322754
2006-06-30,13.079999923706055
2006-07-07,13.970000267028809
2006-07-14,18.049999237060547
2006-07-21,17.399999618530273
2006-07-28,14.329999923706055
2006-08-04,14.34000015258789
2006-08-11,14.300000190734863
2006-08-18,11.640000343322754
2006-08-25,12.3100004196167
2006-09-01,11.960000038146973
2006-09-08,13.15999984741211
2006-09-15,11.760000228881836
2006-09-22,12.59000015258789
2006-09-29,11.979999542236328
2006-10-06,11.5600004196167
2006-10-13,10.75
2006-10-20,10.630000114440918
2006-10-27,10.800000190734863
2006-11-03,11.15999984741211
2006-11-10,10.789999961853027
2006-11-17,10.050000190734863
2006-11-24,10.729999542236328
2006-12-01,11.65999984741211
2006-12-08,12.069999694824219
2006-12-15,10.050000190734863
2006-12-22,11.359999656677246
2006-12-29,11.5600004196167
2007-01-05,12.140000343322754
2007-01-12,10.149999618530273
2007-01-19,10.399999618530273
2007-01-26,11.130000114440918
2007-02-02,10.079999923706055
2007-02-09,11.100000381469727
2007-02-16,10.020000457763672
2007-02-23,10.579999923706055
2007-03-02,18.610000610351562
2007-03-09,14.09000015258789
2007-03-16,16.790000915527344
2007-03-23,12.949999809265137
2007-03-30,14.640000343322754
2007-04-06,13.229999542236328
2007-04-13,12.199999809265137
2007-04-20,12.069999694824219
2007-04-27,12.449999809265137
2007-05-04,12.90999984741211
2007-05-11,12.949999809265137
2007-05-18,12.760000228881836
2007-05-25,13.34000015258789
2007-06-01,12.779999732971191
2007-06-08,14.84000015258789
2007-06-15,13.9399995803833
2007-06-22,15.75
2007-06-29,16.229999542236328
2007-07-06,14.720000267028809
2007-07-13,15.149999618530273
2007-07-20,16.950000762939453
2007-07-27,24.170000076293945
2007-08-03,25.15999984741211
2007-08-10,28.299999237060547
2007-08-17,29.989999771118164
2007-08-24,20.719999313354492
2007-08-31,23.3799991607666
2007-09-07,26.229999542236328
2007-09-14,24.920000076293945
2007-09-21,19.0
2007-09-28,18.0
2007-10-05,16.90999984741211
2007-10-12,17.729999542236328
2007-10-19,22.959999084472656
2007-10-26,19.559999465942383
2007-11-02,23.010000228881836
2007-11-09,28.5
2007-11-16,25.489999771118164
2007-11-23,25.610000610351562
2007-11-30,22.8700008392334
2007-12-07,20.850000381469727
2007-12-14,23.270000457763672
2007-12-21,18.469999313354492
2007-12-28,20.739999771118164
2008-01-04,23.940000534057617
2008-01-11,23.68000030517578
2008-01-18,27.18000030517578
2008-01-25,29.079999923706055
2008-02-01,24.020000457763672
2008-02-08,28.010000228881836
2008-02-15,25.020000457763672
2008-02-22,24.059999465942383
2008-02-29,26.540000915527344
2008-03-07,27.489999771118164
2008-03-14,31.15999984741211
2008-03-21,26.6200008392334
2008-03-28,25.709999084472656
2008-04-04,22.450000762939453
2008-04-11,23.459999084472656
2008-04-18,20.1299991607666
2008-04-25,19.59000015258789
2008-05-02,18.18000030517578
2008-05-09,19.40999984741211
2008-05-16,16.469999313354492
2008-05-23,19.549999237060547
2008-05-30,17.829999923706055
2008-06-06,23.559999465942383
2008-06-13,21.219999313354492
2008-06-20,22.8700008392334
2008-06-27,23.440000534057617
2008-07-04,24.780000686645508
2008-07-11,27.489999771118164
2008-07-18,24.049999237060547
2008-07-25,22.90999984741211
2008-08-01,22.56999969482422
2008-08-08,20.65999984741211
2008-08-15,19.579999923706055
2008-08-22,18.809999465942383
2008-08-29,20.649999618530273
2008-09-05,23.059999465942383
2008-09-12,25.65999984741211
2008-09-19,32.06999969482422
2008-09-26,34.7400016784668
2008-10-03,45.13999938964844
2008-10-10,69.94999694824219
2008-10-17,70.33000183105469
2008-10-24,79.12999725341797
2008-10-31,59.88999938964844
2008-11-07,56.099998474121094
2008-11-14,66.30999755859375
2008-11-21,72.66999816894531
2008-11-28,55.279998779296875
2008-12-05,59.93000030517578
2008-12-12,54.279998779296875
2008-12-19,44.93000030517578
2008-12-26,43.380001068115234
2009-01-02,39.189998626708984
2009-01-09,42.81999969482422
2009-01-16,46.11000061035156
2009-01-23,47.27000045776367
2009-01-30,44.84000015258789
2009-02-06,43.369998931884766
2009-02-13,42.93000030517578
2009-02-20,49.29999923706055
2009-02-27,46.349998474121094
2009-03-06,49.33000183105469
2009-03-13,42.36000061035156
2009-03-20,45.88999938964844
2009-03-27,41.040000915527344
2009-04-03,39.70000076293945
2009-04-10,36.529998779296875
2009-04-17,33.939998626708984
2009-04-24,36.81999969482422
2009-05-01,35.29999923706055
2009-05-08,32.04999923706055
2009-05-15,33.119998931884766
2009-05-22,32.630001068115234
2009-05-29,28.920000076293945
2009-06-05,29.6200008392334
2009-06-12,28.149999618530273
2009-06-19,27.989999771118164
2009-06-26,25.93000030517578
2009-07-03,27.950000762939453
2009-07-10,29.020000457763672
2009-07-17,24.34000015258789
2009-07-24,23.09000015258789
2009-07-31,25.920000076293945
2009-08-07,24.760000228881836
2009-08-14,24.270000457763672
2009-08-21,25.010000228881836
2009-08-28,24.760000228881836
2009-09-04,25.260000228881836
2009-09-11,24.149999618530273
2009-09-18,23.920000076293945
2009-09-25,25.610000610351562
2009-10-02,28.68000030517578
2009-10-09,23.1200008392334
2009-10-16,21.43000030517578
2009-10-23,22.270000457763672
2009-10-30,30.690000534057617
2009-11-06,24.190000534057617
2009-11-13,23.360000610351562
2009-11-20,22.190000534057617
2009-11-27,24.739999771118164
2009-12-04,21.25
2009-12-11,21.59000015258789
2009-12-18,21.68000030517578
2009-12-25,19.469999313354492
2010-01-01,21.68000030517578
2010-01-08,18.1299991607666
2010-01-15,17.90999984741211
2010-01-22,27.309999465942383
2010-01-29,24.6200008392334
2010-02-05,26.110000610351562
2010-02-12,22.729999542236328
2010-02-19,20.020000457763672
2010-02-26,19.5
2010-03-05,17.420000076293945
2010-03-12,17.579999923706055
2010-03-19,16.969999313354492
2010-03-26,17.770000457763672
2010-04-02,17.469999313354492
2010-04-09,16.139999389648438
2010-04-16,18.360000610351562
2010-04-23,16.6200008392334
2010-04-30,22.049999237060547
2010-05-07,40.95000076293945
2010-05-14,31.239999771118164
2010-05-21,40.099998474121094
2010-05-28,32.06999969482422
2010-06-04,35.47999954223633
2010-06-11,28.790000915527344
2010-06-18,23.950000762939453
2010-06-25,28.530000686645508
2010-07-02,30.1200008392334
2010-07-09,24.979999542236328
2010-07-16,26.25
2010-07-23,23.469999313354492
2010-07-30,23.5
2010-08-06,21.739999771118164
2010-08-13,26.239999771118164
2010-08-20,25.489999771118164
2010-08-27,24.450000762939453
2010-09-03,21.309999465942383
2010-09-10,21.989999771118164
2010-09-17,22.010000228881836
2010-09-24,21.709999084472656
2010-10-01,22.5
2010-10-08,20.709999084472656
2010-10-15,19.030000686645508
2010-10-22,18.780000686645508
2010-10-29,21.200000762939453
2010-11-05,18.260000228881836
2010-11-12,20.610000610351562
2010-11-19,18.040000915527344
2010-11-26,22.219999313354492
2010-12-03,18.010000228881836
2010-12-10,17.610000610351562
2010-12-17,16.110000610351562
2010-12-24,16.469999313354492
2010-12-31,17.75
2011-01-07,17.139999389648438
2011-01-14,15.460000038146973
2011-01-21,18.469999313354492
2011-01-28,20.040000915527344
2011-02-04,15.930000305175781
2011-02-11,15.6899995803833
2011-02-18,16.43000030517578
2011-02-25,19.219999313354492
2011-03-04,19.059999465942383
2011-03-11,20.079999923706055
2011-03-18,24.440000534057617
2011-03-25,17.90999984741211
2011-04-01,17.399999618530273
2011-04-08,17.8700008392334
2011-04-15,15.319999694824219
2011-04-22,14.6899995803833
2011-04-29,14.75
2011-05-06,18.399999618530273
2011-05-13,17.06999969482422
2011-05-20,17.43000030517578
2011-05-27,15.979999542236328
2011-06-03,17.950000762939453
2011-06-10,18.860000610351562
2011-06-17,21.850000381469727
2011-06-24,21.100000381469727
2011-07-01,15.869999885559082
2011-07-08,15.949999809265137
2011-07-15,19.530000686645508
2011-07-22,17.520000457763672
2011-07-29,25.25
2011-08-05,32.0
2011-08-12,36.36000061035156
2011-08-19,43.04999923706055
2011-08-26,35.59000015258789
2011-09-02,33.91999816894531
2011-09-09,38.52000045776367
2011-09-16,30.979999542236328
2011-09-23,41.25
2011-09-30,42.959999084472656
2011-10-07,36.20000076293945
2011-10-14,28.239999771118164
2011-10-21,31.31999969482422
2011-10-28,24.530000686645508
2011-11-04,30.15999984741211
2011-11-11,30.040000915527344
2011-11-18,32.0
2011-11-25,34.470001220703125
2011-12-02,27.520000457763672
2011-12-09,26.3799991607666
2011-12-16,24.290000915527344
2011-12-23,20.729999542236328
2011-12-30,23.399999618530273
2012-01-06,20.6299991607666
2012-01-13,20.90999984741211
2012-01-20,18.280000686645508
2012-01-27,18.530000686645508
2012-02-03,17.100000381469727
2012-02-10,20.790000915527344
2012-02-17,17.780000686645508
2012-02-24,17.309999465942383
2012-03-02,17.290000915527344
2012-03-09,17.110000610351562
2012-03-16,14.470000267028809
2012-03-23,14.819999694824219
2012-03-30,15.5
2012-04-06,16.700000762939453
2012-04-13,19.549999237060547
2012-04-20,17.440000534057617
2012-04-27,16.31999969482422
2012-05-04,19.15999984741211
2012-05-11,19.889999389648438
2012-05-18,25.100000381469727
2012-05-25,21.760000228881836
2012-06-01,26.65999984741211
2012-06-08,21.229999542236328
2012-06-15,21.110000610351562
2012-06-22,18.110000610351562
2012-06-29,17.079999923706055
2012-07-06,17.100000381469727
2012-07-13,16.739999771118164
2012-07-20,16.270000457763672
2012-07-27,16.700000762939453
2012-08-03,15.640000343322754
2012-08-10,14.739999771118164
2012-08-17,13.449999809265137
2012-08-24,15.180000305175781
2012-08-31,17.469999313354492
2012-09-07,14.380000114440918
2012-09-14,14.510000228881836
2012-09-21,13.979999542236328
2012-09-28,15.729999542236328
2012-10-05,14.329999923706055
2012-10-12,16.139999389648438
2012-10-19,17.059999465942383
2012-10-26,17.809999465942383
2012-11-02,17.59000015258789
2012-11-09,18.610000610351562
2012-11-16,16.40999984741211
2012-11-23,15.140000343322754
2012-11-30,15.869999885559082
2012-12-07,15.899999618530273
2012-12-14,17.0
2012-12-21,17.84000015258789
2012-12-28,22.719999313354492
2013-01-04,13.829999923706055
2013-01-11,13.359999656677246
2013-01-18,12.460000038146973
2013-01-25,12.890000343322754
2013-02-01,12.899999618530273
2013-02-08,13.020000457763672
2013-02-15,12.460000038146973
2013-02-22,14.170000076293945
2013-03-01,15.359999656677246
2013-03-08,12.59000015258789
2013-03-15,11.300000190734863
2013-03-22,13.569999694824219
2013-03-29,12.699999809265137
2013-04-05,13.920000076293945
2013-04-12,12.0600004196167
2013-04-19,14.970000267028809
2013-04-26,13.609999656677246
2013-05-03,12.850000381469727
2013-05-10,12.59000015258789
2013-05-17,12.449999809265137
2013-05-24,13.989999771118164
2013-05-31,16.299999237060547
2013-06-07,15.140000343322754
2013-06-14,17.149999618530273
2013-06-21,18.899999618530273
2013-06-28,16.860000610351562
2013-07-05,14.890000343322754
2013-07-12,13.84000015258789
2013-07-19,12.539999961853027
2013-07-26,12.720000267028809
2013-08-02,11.979999542236328
2013-08-09,13.40999984741211
2013-08-16,14.369999885559082
2013-08-23,13.979999542236328
2013-08-30,17.010000228881836
2013-09-06,15.850000381469727
2013-09-13,14.15999984741211
2013-09-20,13.119999885559082
2013-09-27,15.460000038146973
2013-10-04,16.739999771118164
2013-10-11,15.720000267028809
2013-10-18,13.039999961853027
2013-10-25,13.09000015258789
2013-11-01,13.279999732971191
2013-11-08,12.899999618530273
2013-11-15,12.1899995803833
2013-11-22,12.260000228881836
2013-11-29,13.699999809265137
2013-12-06,13.789999961853027
2013-12-13,15.760000228881836
2013-12-20,13.789999961853027
2013-12-27,12.460000038146973
2014-01-03,13.760000228881836
2014-01-10,12.140000343322754
2014-01-17,12.4399995803833
2014-01-24,18.139999389648438
2014-01-31,18.40999984741211
2014-02-07,15.289999961853027
2014-02-14,13.569999694824219
2014-02-21,14.680000305175781
2014-02-28,14.0
2014-03-07,14.109999656677246
2014-03-14,17.81999969482422
2014-03-21,15.0
2014-03-28,14.40999984741211
2014-04-04,13.960000038146973
2014-04-11,17.030000686645508
2014-04-18,13.359999656677246
2014-04-25,14.0600004196167
2014-05-02,12.90999984741211
2014-05-09,12.920000076293945
2014-05-16,12.4399995803833
2014-05-23,11.359999656677246
2014-05-30,11.399999618530273
2014-06-06,10.729999542236328
2014-06-13,12.180000305175781
2014-06-20,10.850000381469727
2014-06-27,11.260000228881836
2014-07-04,10.319999694824219
2014-07-11,12.079999923706055
2014-07-18,12.0600004196167
2014-07-25,12.6899995803833
2014-08-01,17.030000686645508
2014-08-08,15.770000457763672
2014-08-15,13.149999618530273
2014-08-22,11.470000267028809
2014-08-29,12.09000015258789
2014-09-05,12.09000015258789
2014-09-12,13.3100004196167
2014-09-19,12.109999656677246
2014-09-26,14.850000381469727
2014-10-03,14.550000190734863
2014-10-10,21.239999771118164
2014-10-17,21.989999771118164
2014-10-24,16.110000610351562
2014-10-31,14.029999732971191
2014-11-07,13.119999885559082
2014-11-14,13.3100004196167
2014-11-21,12.899999618530273
2014-11-28,13.329999923706055
2014-12-05,11.890000343322754
2014-12-12,21.079999923706055
2014-12-19,16.489999771118164
2014-12-26,14.5
2015-01-02,17.790000915527344
2015-01-09,17.549999237060547
2015-01-16,20.950000762939453
2015-01-23,16.65999984741211
2015-01-30,20.969999313354492
2015-02-06,17.290000915527344
2015-02-13,14.6899995803833
2015-02-20,14.300000190734863
2015-02-27,13.34000015258789
2015-03-06,15.199999809265137
2015-03-13,16.0
2015-03-20,13.020000457763672
2015-03-27,15.069999694824219
2015-04-03,14.670000076293945
2015-04-10,12.579999923706055
2015-04-17,13.890000343322754
2015-04-24,12.289999961853027
2015-05-01,12.699999809265137
2015-05-08,12.859999656677246
2015-05-15,12.380000114440918
2015-05-22,12.130000114440918
2015-05-29,13.84000015258789
2015-06-05,14.210000038146973
2015-06-12,13.779999732971191
2015-06-19,13.960000038146973
2015-06-26,14.020000457763672
2015-07-03,16.790000915527344
2015-07-10,16.829999923706055
2015-07-17,11.949999809265137
2015-07-24,13.739999771118164
2015-07-31,12.119999885559082
2015-08-07,13.390000343322754
2015-08-14,12.829999923706055
2015-08-21,28.030000686645508
2015-08-28,26.049999237060547
2015-09-04,27.799999237060547
2015-09-11,23.200000762939453
2015-09-18,22.280000686645508
2015-09-25,23.6200008392334
2015-10-02,20.940000534057617
2015-10-09,17.079999923706055
2015-10-16,15.050000190734863
2015-10-23,14.460000038146973
2015-10-30,15.069999694824219
2015-11-06,14.329999923706055
2015-11-13,20.079999923706055
2015-11-20,15.470000267028809
2015-11-27,15.119999885559082
2015-12-04,14.8100004196167
2015-12-11,24.389999389648438
2015-12-18,20.700000762939453
2015-12-25,15.739999771118164
2016-01-01,18.209999084472656
2016-01-08,27.010000228881836
2016-01-15,27.020000457763672
2016-01-22,22.34000015258789
2016-01-29,20.200000762939453
2016-02-05,23.3799991607666
2016-02-12,25.399999618530273
2016-02-19,20.530000686645508
2016-02-26,19.809999465942383
2016-03-04,16.860000610351562
2016-03-11,16.5
2016-03-18,14.020000457763672
2016-03-25,14.739999771118164
2016-04-01,13.100000381469727
2016-04-08,15.359999656677246
2016-04-15,13.619999885559082
2016-04-22,13.220000267028809
2016-04-29,15.699999809265137
2016-05-06,14.720000267028809
2016-05-13,15.039999961853027
2016-05-20,15.199999809265137
2016-05-27,13.119999885559082
2016-06-03,13.470000267028809
2016-06-10,17.030000686645508
2016-06-17,19.40999984741211
2016-06-24,25.760000228881836
2016-07-01,14.770000457763672
2016-07-08,13.199999809265137
2016-07-15,12.670000076293945
2016-07-22,12.020000457763672
2016-07-29,11.869999885559082
2016-08-05,11.390000343322754
2016-08-12,11.550000190734863
2016-08-19,11.34000015258789
2016-08-26,13.649999618530273
2016-09-02,11.979999542236328
2016-09-09,17.5
2016-09-16,15.369999885559082
2016-09-23,12.289999961853027
2016-09-30,13.289999961853027
2016-10-07,13.479999542236328
2016-10-14,16.1200008392334
2016-10-21,13.34000015258789
2016-10-28,16.190000534057617
2016-11-04,22.510000228881836
2016-11-11,14.170000076293945
2016-11-18,12.850000381469727
2016-11-25,12.34000015258789
2016-12-02,14.119999885559082
2016-12-09,11.75
2016-12-16,12.199999809265137
2016-12-23,11.4399995803833
2016-12-30,14.039999961853027
2017-01-06,11.319999694824219
2017-01-13,11.229999542236328
2017-01-20,11.539999961853027
2017-01-27,10.579999923706055
2017-02-03,10.970000267028809
2017-02-10,10.850000381469727
2017-02-17,11.489999771118164
2017-02-24,11.470000267028809
2017-03-03,10.960000038146973
2017-03-10,11.65999984741211
2017-03-17,11.279999732971191
2017-03-24,12.960000038146973
2017-03-31,12.369999885559082
2017-04-07,12.869999885559082
2017-04-14,15.960000038146973
2017-04-21,14.630000114440918
2017-04-28,10.819999694824219
2017-05-05,10.569999694824219
2017-05-12,10.399999618530273
2017-05-19,12.039999961853027
2017-05-26,9.8100004196167
2017-06-02,9.75
2017-06-09,10.699999809265137
2017-06-16,10.380000114440918
2017-06-23,10.020000457763672
2017-06-30,11.180000305175781
2017-07-07,11.1899995803833
2017-07-14,9.510000228881836
2017-07-21,9.359999656677246
2017-07-28,10.289999961853027
2017-08-04,10.029999732971191
2017-08-11,15.510000228881836
2017-08-18,14.260000228881836
2017-08-25,11.279999732971191
2017-09-01,10.130000114440918
2017-09-08,12.119999885559082
2017-09-15,10.170000076293945
2017-09-22,9.59000015258789
2017-09-29,9.510000228881836
2017-10-06,9.649999618530273
2017-10-13,9.609999656677246
2017-10-20,9.970000267028809
2017-10-27,9.800000190734863
2017-11-03,9.140000343322754
2017-11-10,11.289999961853027
2017-11-17,11.430000305175781
2017-11-24,9.670000076293945
2017-12-01,11.430000305175781
2017-12-08,9.579999923706055
2017-12-15,9.420000076293945
2017-12-22,9.899999618530273
2017-12-29,11.039999961853027
2018-01-05,9.220000267028809
2018-01-12,10.15999984741211
2018-01-19,11.270000457763672
2018-01-26,11.079999923706055
2018-02-02,17.309999465942383
2018-02-09,29.059999465942383
2018-02-16,19.459999084472656
2018-02-23,16.489999771118164
2018-03-02,19.59000015258789
2018-03-09,14.640000343322754
2018-03-16,15.800000190734863
2018-03-23,24.8700008392334
2018-03-30,19.969999313354492
2018-04-06,21.489999771118164
2018-04-13,17.40999984741211
2018-04-20,16.8799991607666
2018-04-27,15.40999984741211
2018-05-04,14.770000457763672
2018-05-11,12.649999618530273
2018-05-18,13.420000076293945
2018-05-25,13.220000267028809
2018-06-01,13.460000038146973
2018-06-08,12.180000305175781
2018-06-15,11.979999542236328
2018-06-22,13.770000457763672
2018-06-29,16.09000015258789
2018-07-06,13.369999885559082
2018-07-13,12.180000305175781
2018-07-20,12.859999656677246
2018-07-27,13.029999732971191
2018-08-03,11.640000343322754
2018-08-10,13.15999984741211
2018-08-17,12.640000343322754
2018-08-24,11.989999771118164
2018-08-31,12.859999656677246
2018-09-07,14.880000114440918
2018-09-14,12.069999694824219
2018-09-21,11.680000305175781
2018-09-28,12.119999885559082
2018-10-05,14.819999694824219
2018-10-12,21.309999465942383
2018-10-19,19.889999389648438
2018-10-26,24.15999984741211
2018-11-02,19.510000228881836
2018-11-09,17.360000610351562
2018-11-16,18.139999389648438
2018-11-23,21.520000457763672
2018-11-30,18.06999969482422
2018-12-07,23.229999542236328
2018-12-14,21.6299991607666
2018-12-21,30.110000610351562
2018-12-28,28.34000015258789
2019-01-04,21.3799991607666
2019-01-11,18.190000534057617
2019-01-18,17.799999237060547
2019-01-25,17.420000076293945
2019-02-01,16.139999389648438
2019-02-08,15.720000267028809
2019-02-15,14.90999984741211
2019-02-22,13.510000228881836
2019-03-01,13.569999694824219
2019-03-08,16.049999237060547
2019-03-15,12.880000114440918
2019-03-22,16.479999542236328
2019-03-29,13.710000038146973
2019-04-05,12.819999694824219
2019-04-12,12.010000228881836
2019-04-19,12.09000015258789
2019-04-26,12.729999542236328
2019-05-03,12.869999885559082
2019-05-10,16.040000915527344
2019-05-17,15.960000038146973
2019-05-24,15.850000381469727
2019-05-31,18.709999084472656
2019-06-07,16.299999237060547
2019-06-14,15.279999732971191
2019-06-21,15.399999618530273
2019-06-28,15.079999923706055
2019-07-05,13.279999732971191
2019-07-12,12.390000343322754
2019-07-19,14.449999809265137
2019-07-26,12.15999984741211
2019-08-02,17.610000610351562
2019-08-09,17.969999313354492
2019-08-16,18.469999313354492
2019-08-23,19.8700008392334
2019-08-30,18.979999542236328
2019-09-06,15.0
2019-09-13,13.739999771118164
2019-09-20,15.319999694824219
2019-09-27,17.219999313354492
2019-10-04,17.040000915527344
2019-10-11,15.579999923706055
2019-10-18,14.25
2019-10-25,12.649999618530273
2019-11-01,12.300000190734863
2019-11-08,12.069999694824219
2019-11-15,12.050000190734863
2019-11-22,12.34000015258789
2019-11-29,12.619999885559082
2019-12-06,13.619999885559082
2019-12-13,12.630000114440918
2019-12-20,12.510000228881836
2019-12-27,13.430000305175781
2020-01-03,14.020000457763672
2020-01-10,12.5600004196167
2020-01-17,12.100000381469727
2020-01-24,14.5600004196167
2020-01-31,18.84000015258789
2020-02-07,15.470000267028809
2020-02-14,13.680000305175781
2020-02-21,17.079999923706055
2020-02-28,40.11000061035156
2020-03-06,41.939998626708984
2020-03-13,57.83000183105469
2020-03-20,66.04000091552734
2020-03-27,65.54000091552734
2020-04-03,46.79999923706055
2020-04-10,41.66999816894531
2020-04-17,38.150001525878906
2020-04-24,35.93000030517578
2020-05-01,37.189998626708984
2020-05-08,27.979999542236328
2020-05-15,31.889999389648438
2020-05-22,28.15999984741211
2020-05-29,27.510000228881836
2020-06-05,24.520000457763672
2020-06-12,36.09000015258789
2020-06-19,35.119998931884766
2020-06-26,34.72999954223633
2020-07-03,27.68000030517578
2020-07-10,27.290000915527344
2020-07-17,25.68000030517578
2020-07-24,25.84000015258789
2020-07-31,24.459999084472656
2020-08-07,22.209999084472656
2020-08-14,22.049999237060547
2020-08-21,22.540000915527344
2020-08-28,22.959999084472656
2020-09-04,30.75
2020-09-11,26.8700008392334
2020-09-18,25.829999923706055
2020-09-25,26.3799991607666
2020-10-02,27.6299991607666
2020-10-09,25.0
2020-10-16,27.40999984741211
2020-10-23,27.549999237060547
2020-10-30,38.02000045776367
2020-11-06,24.860000610351562
2020-11-13,23.100000381469727
2020-11-20,23.700000762939453
2020-11-27,20.84000015258789
2020-12-04,20.790000915527344
2020-12-11,23.309999465942383
2020-12-18,21.56999969482422
2020-12-25,21.530000686645508
2021-01-01,22.75
2021-01-08,21.559999465942383
2021-01-15,24.34000015258789
2021-01-22,21.90999984741211
2021-01-29,33.09000015258789
2021-02-05,20.8700008392334
2021-02-12,19.969999313354492
2021-02-19,22.049999237060547
2021-02-26,27.950000762939453
2021-03-05,24.65999984741211
2021-03-12,20.690000534057617
2021-03-19,20.950000762939453
2021-03-26,18.860000610351562
2021-04-02,17.329999923706055
2021-04-09,16.690000534057617
2021-04-16,16.25
2021-04-23,17.329999923706055
2021-04-30,18.610000610351562
2021-05-07,16.690000534057617
2021-05-14,18.809999465942383
2021-05-21,20.149999618530273
2021-05-28,16.760000228881836
2021-06-04,16.420000076293945
2021-06-11,15.649999618530273
2021-06-18,20.700000762939453
2021-06-25,15.619999885559082
2021-07-02,15.069999694824219
2021-07-09,16.18000030517578
2021-07-16,18.450000762939453
2021-07-23,17.200000762939453
2021-07-30,18.239999771118164
2021-08-06,16.149999618530273
2021-08-13,15.449999809265137
2021-08-20,18.559999465942383
2021-08-27,16.389999389648438
2021-09-03,16.40999984741211
2021-09-10,20.950000762939453
2021-09-17,20.809999465942383
2021-09-24,17.75
2021-10-01,21.100000381469727
2021-10-08,18.770000457763672
2021-10-15,16.299999237060547
2021-10-22,15.430000305175781
2021-10-29,16.260000228881836
2021-11-05,16.479999542236328
2021-11-12,16.290000915527344
2021-11-19,17.90999984741211
2021-11-26,28.6200008392334
2021-12-03,30.670000076293945
2021-12-10,18.690000534057617
2021-12-17,21.56999969482422
2021-12-24,17.959999084472656
2021-12-31,17.219999313354492
2022-01-07,18.760000228881836
2022-01-14,19.190000534057617
2022-01-21,28.850000381469727
2022-01-28,27.65999984741211
2022-02-04,23.219999313354492
2022-02-11,27.360000610351562
2022-02-18,27.75
2022-02-25,27.59000015258789
2022-03-04,31.979999542236328
2022-03-11,30.75
2022-03-18,23.8700008392334
2022-03-25,20.809999465942383
2022-04-01,19.6299991607666
2022-04-08,21.15999984741211
2022-04-15,22.700000762939453
2022-04-22,28.209999084472656
2022-04-29,33.400001525878906
2022-05-06,30.190000534057617
2022-05-13,28.8700008392334
2022-05-20,29.43000030517578
2022-05-27,25.719999313354492
2022-06-03,24.790000915527344
2022-06-10,27.75
2022-06-17,31.1299991607666
2022-06-24,27.229999542236328
2022-07-01,26.700000762939453
2022-07-08,24.639999389648438
2022-07-15,24.229999542236328
2022-07-22,23.030000686645508
2022-07-29,21.329999923706055
2022-08-05,21.149999618530273
2022-08-12,19.530000686645508
2022-08-19,20.600000381469727
2022-08-26,25.559999465942383
2022-09-02,25.469999313354492
2022-09-09,22.790000915527344
2022-09-16,26.299999237060547
2022-09-23,29.920000076293945
2022-09-30,31.6200008392334
2022-10-07,31.360000610351562
2022-10-14,32.02000045776367
2022-10-21,29.690000534057617
2022-10-28,25.75
2022-11-04,24.549999237060547
2022-11-11,22.520000457763672
2022-11-18,23.1200008392334
2022-11-25,20.5
2022-12-02,19.059999465942383
2022-12-09,22.829999923706055
2022-12-16,22.6200008392334
2022-12-23,20.8700008392334
2022-12-30,21.670000076293945
2023-01-06,21.1299991607666
2023-01-13,18.350000381469727
2023-01-20,19.850000381469727
2023-01-27,18.510000228881836
2023-02-03,18.329999923706055
2023-02-10,20.530000686645508
2023-02-17,20.020000457763672
2023-02-24,21.670000076293945
2023-03-03,18.489999771118164
2023-03-10,24.799999237060547
2023-03-17,25.510000228881836
2023-03-24,21.739999771118164
2023-03-31,18.700000762939453
2023-04-07,18.399999618530273
2023-04-14,17.06999969482422
2023-04-21,16.770000457763672
2023-04-28,15.779999732971191
2023-05-05,17.190000534057617
2023-05-12,17.030000686645508
2023-05-19,16.809999465942383
2023-05-26,17.950000762939453
2023-06-02,14.600000381469727
2023-06-09,13.829999923706055
2023-06-16,13.539999961853027
2023-06-23,13.4399995803833
2023-06-30,13.59000015258789
2023-07-07,14.829999923706055
2023-07-14,13.34000015258789
2023-07-21,13.600000381469727
2023-07-28,13.329999923706055
2023-08-04,17.100000381469727
2023-08-11,14.84000015258789
2023-08-18,17.299999237060547
2023-08-25,15.680000305175781
2023-09-01,13.09000015258789
2023-09-08,13.84000015258789
2023-09-15,13.789999961853027
2023-09-22,17.200000762939453
2023-09-29,17.520000457763672
2023-10-06,17.450000762939453
2023-10-13,19.31999969482422
2023-10-20,21.709999084472656
2023-10-27,21.270000457763672
2023-11-03,14.90999984741211
2023-11-10,14.170000076293945
2023-11-17,13.800000190734863
2023-11-24,12.460000038146973
2023-12-01,12.630000114440918
2023-12-08,12.350000381469727
2023-12-15,12.279999732971191
2023-12-22,13.029999732971191
2023-12-29,12.449999809265137
2024-01-05,13.350000381469727
2024-01-12,12.699999809265137
2024-01-19,13.300000190734863
2024-01-26,13.260000228881836
2024-02-02,13.850000381469727
2024-02-09,12.930000305175781
2024-02-16,14.239999771118164
2024-02-23,13.75
2024-03-01,13.109999656677246
2024-03-08,14.739999771118164
2024-03-15,14.40999984741211
2024-03-22,13.0600004196167
2024-03-29,13.010000228881836
2024-04-05,16.030000686645508
2024-04-12,17.309999465942383
2024-04-19,18.709999084472656
2024-04-26,15.029999732971191
2024-05-03,13.489999771118164
2024-05-10,12.550000190734863
2024-05-17,11.989999771118164
2024-05-24,11.930000305175781
2024-05-31,12.920000076293945
2024-06-07,12.220000267028809
2024-06-14,12.65999984741211
2024-06-21,13.199999809265137
2024-06-28,12.4399995803833
2024-07-05,12.479999542236328
2024-07-12,12.460000038146973
2024-07-19,16.520000457763672
2024-07-26,16.389999389648438
2024-08-02,23.389999389648438
2024-08-09,20.3700008392334
2024-08-16,14.800000190734863
2024-08-23,15.859999656677246
2024-08-30,15.0
2024-09-06,22.3799991607666
2024-09-13,16.559999465942383
2024-09-20,16.149999618530273
2024-09-27,16.959999084472656
2024-10-04,19.209999084472656
2024-10-11,20.459999084472656
2024-10-18,18.030000686645508
2024-10-25,20.329999923706055
2024-11-01,21.8799991607666
2024-11-08,14.9399995803833
2024-11-15,16.139999389648438
2024-11-22,15.239999771118164
2024-11-29,13.510000228881836
2024-12-06,12.770000457763672
2024-12-13,13.8100004196167
2024-12-20,18.360000610351562
2024-12-27,15.949999809265137
2025-01-03,16.1299991607666
2025-01-10,19.540000915527344
2025-01-17,15.970000267028809
2025-01-24,14.850000381469727
2025-01-31,16.43000030517578
2025-02-07,16.540000915527344
2025-02-14,14.770000457763672
2025-02-21,18.209999084472656
2025-02-28,19.6299991607666
2025-03-07,23.3700008392334
2025-03-14,21.770000457763672
2025-03-21,19.280000686645508
2025-03-28,21.649999618530273
2025-04-04,45.310001373291016
2025-04-11,37.560001373291016
2025-04-18,29.649999618530273
2025-04-25,24.84000015258789
2025-05-02,22.68000030517578
2025-05-09,21.899999618530273
2025-05-16,17.239999771118164
2025-05-23,22.290000915527344
2025-05-30,18.56999969482422
2025-06-06,16.770000457763672
2025-06-13,20.81999969482422
2025-06-20,20.6200008392334
2025-06-27,16.31999969482422
2025-07-04,16.3799991607666
2025-07-11,16.399999618530273
2025-07-18,16.40999984741211
2025-07-25,14.930000305175781
2025-08-01,20.3799991607666
2025-08-08,15.149999618530273
2025-08-15,15.09000015258789
2025-08-22,14.220000267028809
2025-08-29,15.359999656677246
2025-09-05,15.180000305175781
2025-09-12,14.760000228881836
2025-09-19,15.449999809265137
2025-09-26,15.289999961853027
2025-10-03,16.649999618530273
2025-10-10,21.65999984741211
2025-10-17,20.780000686645508
2025-10-24,16.3700008392334
2025-10-31,17.440000534057617
2025-11-07,19.079999923706055
2025-11-14,19.829999923706055
2025-11-21,23.43000030517578
2025-11-28,16.350000381469727
2025-12-05,15.40999984741211
2025-12-12,15.739999771118164
2025-12-19,14.90999984741211
2025-12-26,13.600000381469727
2026-01-02,14.510000228881836
2026-01-09,14.489999771118164
2026-01-16,15.859999656677246
2026-01-23,16.09000015258789
2026-01-30,17.440000534057617
2026-02-06,20.3700008392334
2026-02-13,20.600000381469727
2026-02-20,19.09000015258789
2026-02-27,19.860000610351562
2026-03-06,29.489999771118164
2026-03-13,27.190000534057617
2026-03-20,26.780000686645508
2026-03-27,31.049999237060547
2026-04-03,23.8700008392334
2026-04-10,19.229999542236328
2026-04-17,17.479999542236328
2026-04-24,18.709999084472656
2026-05-01,16.989999771118164
2026-05-08,17.190000534057617
2026-05-15,18.43000030517578
2026-05-22,16.700000762939453
2026-05-29,15.319999694824219
2026-06-05,21.510000228881836
2026-06-12,17.68000030517578
2026-06-19,16.399999618530273
2026-06-26,18.40999984741211
2026-07-03,16.149999618530273
2026-07-10,15.029999732971191
2026-07-17,18.770000457763672
2026-07-24,17.1299991607666
